participant_id,block,trial,image_name,posX,posY,image_stem,base_name,set,category
p035,1,1,happy_1.jpg,217.5,415,happy_1,happy,1,emotions
p035,1,1,happy_2.jpg,229,506,happy_2,happy,2,emotions
p035,1,1,angry_2.jpg,218.5,613.5,angry_2,angry,2,emotions
p035,1,1,sad_1.jpg,302.5,636.5,sad_1,sad,1,emotions
p035,1,1,fearful_2.jpg,319,150,fearful_2,fearful,2,emotions
p035,1,1,surprise_2.jpg,654,246,surprise_2,surprise,2,emotions
p035,1,1,disgust_2.jpg,487,350,disgust_2,disgust,2,emotions
p035,1,1,surprise_1.jpg,853.5,349.5,surprise_1,surprise,1,emotions
p035,1,1,sad_2.jpg,668.5,133,sad_2,sad,2,emotions
p035,1,1,angry_1.jpg,655.5,523,angry_1,angry,1,emotions
p035,1,1,fearful_1.jpg,794,615,fearful_1,fearful,1,emotions
p035,1,1,disgust_1.jpg,1030.5,473,disgust_1,disgust,1,emotions
p035,1,2,angry_3.jpg,225.5,440.5,angry_3,angry,3,emotions
p035,1,2,sad_4.jpg,1156,133,sad_4,sad,4,emotions
p035,1,2,happy_3.jpg,681.5,639.5,happy_3,happy,3,emotions
p035,1,2,fearful_3.jpg,338.5,667,fearful_3,fearful,3,emotions
p035,1,2,fearful_4.jpg,498,667,fearful_4,fearful,4,emotions
p035,1,2,disgust_3.jpg,405.5,354.5,disgust_3,disgust,3,emotions
p035,1,2,sad_3.jpg,647,455.5,sad_3,sad,3,emotions
p035,1,2,happy_4.jpg,778.5,206,happy_4,happy,4,emotions
p035,1,2,surprise_4.jpg,927.5,474.5,surprise_4,surprise,4,emotions
p035,1,2,surprise_3.jpg,621.5,262.5,surprise_3,surprise,3,emotions
p035,1,2,disgust_4.jpg,676.5,505,disgust_4,disgust,4,emotions
p035,1,2,angry_4.jpg,766.5,412.5,angry_4,angry,4,emotions
p035,2,3,lion_1.jpg,380,530,lion_1,lion,1,animals
p035,2,3,wolf_1.jpg,293.5,362,wolf_1,wolf,1,animals
p035,2,3,squirrel_1.jpg,300,624,squirrel_1,squirrel,1,animals
p035,2,3,dolphin_1.jpg,492,246,dolphin_1,dolphin,1,animals
p035,2,3,peacock_1.jpg,507.5,448.5,peacock_1,peacock,1,animals
p035,2,3,ladybug_1.jpg,829.5,299,ladybug_1,ladybug,1,animals
p035,2,3,sheep_1.jpg,853,595,sheep_1,sheep,1,animals
p035,2,3,horse_1.jpg,1165,482.5,horse_1,horse,1,animals
p035,2,3,pigeon_1.jpg,666,148.5,pigeon_1,pigeon,1,animals
p035,2,3,fox_1.jpg,609.5,506,fox_1,fox,1,animals
p035,2,3,fish_1.jpg,605,325.5,fish_1,fish,1,animals
p035,2,3,butterfly_1.jpg,975,406.5,butterfly_1,butterfly,1,animals
p035,2,4,fox_2.jpg,316,422,fox_2,fox,2,animals
p035,2,4,pigeon_2.jpg,237,134.5,pigeon_2,pigeon,2,animals
p035,2,4,peacock_2.jpg,267,608.5,peacock_2,peacock,2,animals
p035,2,4,lion_2.jpg,464,293,lion_2,lion,2,animals
p035,2,4,sheep_2.jpg,844.5,475.5,sheep_2,sheep,2,animals
p035,2,4,horse_2.jpg,858,143,horse_2,horse,2,animals
p035,2,4,ladybug_2.jpg,1017,287.5,ladybug_2,ladybug,2,animals
p035,2,4,squirrel_2.jpg,711,641,squirrel_2,squirrel,2,animals
p035,2,4,fish_2.jpg,583,178,fish_2,fish,2,animals
p035,2,4,butterfly_2.jpg,624,399.5,butterfly_2,butterfly,2,animals
p035,2,4,wolf_2.jpg,1164,667,wolf_2,wolf,2,animals
p035,2,4,dolphin_2.jpg,411.5,133,dolphin_2,dolphin,2,animals
p035,3,5,broccoli_1.jpg,500.5,562.5,broccoli_1,broccoli,1,plants
p035,3,5,leaf_1.jpg,526.5,383,leaf_1,leaf,1,plants
p035,3,5,peanut_1.jpg,355,174,peanut_1,peanut,1,plants
p035,3,5,grass_1.jpg,933,346.5,grass_1,grass,1,plants
p035,3,5,acorn_1.jpg,692,624.5,acorn_1,acorn,1,plants
p035,3,5,cactus_1.jpg,601,170,cactus_1,cactus,1,plants
p035,3,5,tree_1.jpg,1038.5,627,tree_1,tree,1,plants
p035,3,5,flower_1.jpg,1149.5,232.5,flower_1,flower,1,plants
p035,3,5,apple_1.jpg,873,133,apple_1,apple,1,plants
p035,3,5,cabbage_1.jpg,717,370,cabbage_1,cabbage,1,plants
p035,3,5,cherry_1.jpg,360.5,638.5,cherry_1,cherry,1,plants
p035,3,5,blueberry_1.jpg,305,411,blueberry_1,blueberry,1,plants
p035,3,6,tree_2.jpg,471,658.5,tree_2,tree,2,plants
p035,3,6,cactus_2.jpg,445,529,cactus_2,cactus,2,plants
p035,3,6,grass_2.jpg,449,394,grass_2,grass,2,plants
p035,3,6,broccoli_2.jpg,397,251.5,broccoli_2,broccoli,2,plants
p035,3,6,cabbage_2.jpg,912,561,cabbage_2,cabbage,2,plants
p035,3,6,acorn_2.jpg,766,228,acorn_2,acorn,2,plants
p035,3,6,flower_2.jpg,1064.5,204,flower_2,flower,2,plants
p035,3,6,cherry_2.jpg,635,664.5,cherry_2,cherry,2,plants
p035,3,6,leaf_2.jpg,584.5,133,leaf_2,leaf,2,plants
p035,3,6,peanut_2.jpg,237.5,623.5,peanut_2,peanut,2,plants
p035,3,6,apple_2.jpg,302,391.5,apple_2,apple,2,plants
p035,3,6,blueberry_2.jpg,223,165.5,blueberry_2,blueberry,2,plants
p037,1,1,flower_1.jpg,233.5,182.5,flower_1,flower,1,plants
p037,1,1,cactus_1.jpg,303.5,226.5,cactus_1,cactus,1,plants
p037,1,1,cherry_1.jpg,702,575,cherry_1,cherry,1,plants
p037,1,1,peanut_1.jpg,570,549.5,peanut_1,peanut,1,plants
p037,1,1,apple_1.jpg,808.5,566.5,apple_1,apple,1,plants
p037,1,1,blueberry_1.jpg,872,574.5,blueberry_1,blueberry,1,plants
p037,1,1,tree_1.jpg,365.5,205.5,tree_1,tree,1,plants
p037,1,1,broccoli_1.jpg,221.5,587,broccoli_1,broccoli,1,plants
p037,1,1,leaf_1.jpg,414,217,leaf_1,leaf,1,plants
p037,1,1,cabbage_1.jpg,268,554.5,cabbage_1,cabbage,1,plants
p037,1,1,acorn_1.jpg,518.5,552,acorn_1,acorn,1,plants
p037,1,1,grass_1.jpg,239,290,grass_1,grass,1,plants
p037,1,2,cherry_2.jpg,291.5,617,cherry_2,cherry,2,plants
p037,1,2,broccoli_2.jpg,216.5,348.5,broccoli_2,broccoli,2,plants
p037,1,2,tree_2.jpg,399,137,tree_2,tree,2,plants
p037,1,2,leaf_2.jpg,518.5,169,leaf_2,leaf,2,plants
p037,1,2,apple_2.jpg,215,585,apple_2,apple,2,plants
p037,1,2,grass_2.jpg,430.5,169.5,grass_2,grass,2,plants
p037,1,2,flower_2.jpg,567,164.5,flower_2,flower,2,plants
p037,1,2,acorn_2.jpg,507.5,340,acorn_2,acorn,2,plants
p037,1,2,peanut_2.jpg,598.5,369.5,peanut_2,peanut,2,plants
p037,1,2,cactus_2.jpg,317,162.5,cactus_2,cactus,2,plants
p037,1,2,cabbage_2.jpg,215,363.5,cabbage_2,cabbage,2,plants
p037,1,2,blueberry_2.jpg,289.5,576,blueberry_2,blueberry,2,plants
p037,2,3,pigeon_1.jpg,252,136.5,pigeon_1,pigeon,1,animals
p037,2,3,ladybug_1.jpg,227.5,610.5,ladybug_1,ladybug,1,animals
p037,2,3,wolf_1.jpg,472.5,381.5,wolf_1,wolf,1,animals
p037,2,3,fox_1.jpg,577.5,382.5,fox_1,fox,1,animals
p037,2,3,sheep_1.jpg,867,282,sheep_1,sheep,1,animals
p037,2,3,horse_1.jpg,888.5,386,horse_1,horse,1,animals
p037,2,3,dolphin_1.jpg,1163,471.5,dolphin_1,dolphin,1,animals
p037,2,3,squirrel_1.jpg,602.5,650,squirrel_1,squirrel,1,animals
p037,2,3,lion_1.jpg,572,182,lion_1,lion,1,animals
p037,2,3,fish_1.jpg,1107.5,469.5,fish_1,fish,1,animals
p037,2,3,butterfly_1.jpg,256,497.5,butterfly_1,butterfly,1,animals
p037,2,3,peacock_1.jpg,289,222.5,peacock_1,peacock,1,animals
p037,2,4,lion_2.jpg,215,133,lion_2,lion,2,animals
p037,2,4,wolf_2.jpg,383,414.5,wolf_2,wolf,2,animals
p037,2,4,fish_2.jpg,854.5,582.5,fish_2,fish,2,animals
p037,2,4,pigeon_2.jpg,628.5,181,pigeon_2,pigeon,2,animals
p037,2,4,butterfly_2.jpg,227.5,667,butterfly_2,butterfly,2,animals
p037,2,4,sheep_2.jpg,1137.5,347.5,sheep_2,sheep,2,animals
p037,2,4,dolphin_2.jpg,793,596,dolphin_2,dolphin,2,animals
p037,2,4,fox_2.jpg,480.5,382.5,fox_2,fox,2,animals
p037,2,4,horse_2.jpg,1067.5,347.5,horse_2,horse,2,animals
p037,2,4,peacock_2.jpg,654.5,254,peacock_2,peacock,2,animals
p037,2,4,ladybug_2.jpg,318.5,656.5,ladybug_2,ladybug,2,animals
p037,2,4,squirrel_2.jpg,1007.5,145,squirrel_2,squirrel,2,animals
p037,3,5,fearful_1.jpg,257.5,133,fearful_1,fearful,1,emotions
p037,3,5,sad_1.jpg,215,647.5,sad_1,sad,1,emotions
p037,3,5,fearful_2.jpg,331.5,133,fearful_2,fearful,2,emotions
p037,3,5,happy_2.jpg,749,468.5,happy_2,happy,2,emotions
p037,3,5,angry_1.jpg,888,150,angry_1,angry,1,emotions
p037,3,5,surprise_1.jpg,572,244,surprise_1,surprise,1,emotions
p037,3,5,disgust_2.jpg,1107,600.5,disgust_2,disgust,2,emotions
p037,3,5,surprise_2.jpg,495,239.5,surprise_2,surprise,2,emotions
p037,3,5,disgust_1.jpg,987.5,174.5,disgust_1,disgust,1,emotions
p037,3,5,sad_2.jpg,289.5,636.5,sad_2,sad,2,emotions
p037,3,5,happy_1.jpg,665.5,471.5,happy_1,happy,1,emotions
p037,3,5,angry_2.jpg,792,162,angry_2,angry,2,emotions
p037,3,6,sad_3.jpg,264,150.5,sad_3,sad,3,emotions
p037,3,6,happy_3.jpg,240.5,648,happy_3,happy,3,emotions
p037,3,6,disgust_3.jpg,860.5,441,disgust_3,disgust,3,emotions
p037,3,6,angry_4.jpg,717.5,133,angry_4,angry,4,emotions
p037,3,6,surprise_4.jpg,505.5,344.5,surprise_4,surprise,4,emotions
p037,3,6,disgust_4.jpg,784,469,disgust_4,disgust,4,emotions
p037,3,6,angry_3.jpg,698.5,133,angry_3,angry,3,emotions
p037,3,6,fearful_4.jpg,1109.5,513.5,fearful_4,fearful,4,emotions
p037,3,6,sad_4.jpg,334,136,sad_4,sad,4,emotions
p037,3,6,surprise_3.jpg,487,354,surprise_3,surprise,3,emotions
p037,3,6,fearful_3.jpg,1072.5,533.5,fearful_3,fearful,3,emotions
p037,3,6,happy_4.jpg,247,643,happy_4,happy,4,emotions
p038,1,1,cabbage_1.jpg,495,291,cabbage_1,cabbage,1,plants
p038,1,1,acorn_1.jpg,968,363.5,acorn_1,acorn,1,plants
p038,1,1,tree_1.jpg,954,464,tree_1,tree,1,plants
p038,1,1,apple_1.jpg,479,370,apple_1,apple,1,plants
p038,1,1,cactus_1.jpg,236.5,259.5,cactus_1,cactus,1,plants
p038,1,1,grass_1.jpg,269,268.5,grass_1,grass,1,plants
p038,1,1,flower_1.jpg,734,603,flower_1,flower,1,plants
p038,1,1,blueberry_1.jpg,813.5,185,blueberry_1,blueberry,1,plants
p038,1,1,peanut_1.jpg,434.5,667,peanut_1,peanut,1,plants
p038,1,1,cherry_1.jpg,358,448.5,cherry_1,cherry,1,plants
p038,1,1,broccoli_1.jpg,284,617.5,broccoli_1,broccoli,1,plants
p038,1,1,leaf_1.jpg,734,338,leaf_1,leaf,1,plants
p038,1,2,leaf_2.jpg,249.5,185.5,leaf_2,leaf,2,plants
p038,1,2,cactus_2.jpg,247.5,326,cactus_2,cactus,2,plants
p038,1,2,grass_2.jpg,264,421.5,grass_2,grass,2,plants
p038,1,2,flower_2.jpg,1114.5,188.5,flower_2,flower,2,plants
p038,1,2,broccoli_2.jpg,1098.5,302.5,broccoli_2,broccoli,2,plants
p038,1,2,acorn_2.jpg,701,516,acorn_2,acorn,2,plants
p038,1,2,cherry_2.jpg,656,546.5,cherry_2,cherry,2,plants
p038,1,2,apple_2.jpg,627.5,225,apple_2,apple,2,plants
p038,1,2,blueberry_2.jpg,572,270.5,blueberry_2,blueberry,2,plants
p038,1,2,cabbage_2.jpg,438,384,cabbage_2,cabbage,2,plants
p038,1,2,peanut_2.jpg,328.5,558,peanut_2,peanut,2,plants
p038,1,2,tree_2.jpg,449,655.5,tree_2,tree,2,plants
p038,2,3,sad_2.jpg,1139,310,sad_2,sad,2,emotions
p038,2,3,surprise_2.jpg,278.5,358.5,surprise_2,surprise,2,emotions
p038,2,3,disgust_1.jpg,670.5,639,disgust_1,disgust,1,emotions
p038,2,3,surprise_1.jpg,579,152,surprise_1,surprise,1,emotions
p038,2,3,sad_1.jpg,646.5,378.5,sad_1,sad,1,emotions
p038,2,3,disgust_2.jpg,295.5,411,disgust_2,disgust,2,emotions
p038,2,3,happy_2.jpg,650,667,happy_2,happy,2,emotions
p038,2,3,happy_1.jpg,627.5,447.5,happy_1,happy,1,emotions
p038,2,3,angry_1.jpg,575.5,222,angry_1,angry,1,emotions
p038,2,3,angry_2.jpg,1092.5,353,angry_2,angry,2,emotions
p038,2,3,fearful_1.jpg,805.5,428.5,fearful_1,fearful,1,emotions
p038,2,3,fearful_2.jpg,870,488,fearful_2,fearful,2,emotions
p038,2,4,surprise_3.jpg,1131,398,surprise_3,surprise,3,emotions
p038,2,4,disgust_3.jpg,333,382.5,disgust_3,disgust,3,emotions
p038,2,4,fearful_4.jpg,359,438.5,fearful_4,fearful,4,emotions
p038,2,4,disgust_4.jpg,1095.5,453.5,disgust_4,disgust,4,emotions
p038,2,4,happy_4.jpg,691,649.5,happy_4,happy,4,emotions
p038,2,4,angry_4.jpg,597.5,638,angry_4,angry,4,emotions
p038,2,4,angry_3.jpg,542,198,angry_3,angry,3,emotions
p038,2,4,sad_4.jpg,561,226,sad_4,sad,4,emotions
p038,2,4,happy_3.jpg,693,407.5,happy_3,happy,3,emotions
p038,2,4,fearful_3.jpg,666,404.5,fearful_3,fearful,3,emotions
p038,2,4,sad_3.jpg,841,280.5,sad_3,sad,3,emotions
p038,2,4,surprise_4.jpg,862,300,surprise_4,surprise,4,emotions
p038,3,5,fox_1.jpg,565.5,300.5,fox_1,fox,1,animals
p038,3,5,pigeon_1.jpg,726.5,546.5,pigeon_1,pigeon,1,animals
p038,3,5,lion_1.jpg,421.5,626,lion_1,lion,1,animals
p038,3,5,butterfly_1.jpg,668.5,330,butterfly_1,butterfly,1,animals
p038,3,5,fish_1.jpg,533,603.5,fish_1,fish,1,animals
p038,3,5,sheep_1.jpg,797.5,571.5,sheep_1,sheep,1,animals
p038,3,5,peacock_1.jpg,1093,279,peacock_1,peacock,1,animals
p038,3,5,dolphin_1.jpg,1061,307,dolphin_1,dolphin,1,animals
p038,3,5,horse_1.jpg,833.5,194.5,horse_1,horse,1,animals
p038,3,5,ladybug_1.jpg,899.5,383,ladybug_1,ladybug,1,animals
p038,3,5,squirrel_1.jpg,906,393,squirrel_1,squirrel,1,animals
p038,3,5,wolf_1.jpg,1092.5,606,wolf_1,wolf,1,animals
p038,3,6,lion_2.jpg,660.5,297.5,lion_2,lion,2,animals
p038,3,6,ladybug_2.jpg,537.5,479,ladybug_2,ladybug,2,animals
p038,3,6,peacock_2.jpg,582,472,peacock_2,peacock,2,animals
p038,3,6,fish_2.jpg,700,297,fish_2,fish,2,animals
p038,3,6,fox_2.jpg,1003.5,437.5,fox_2,fox,2,animals
p038,3,6,dolphin_2.jpg,999.5,513.5,dolphin_2,dolphin,2,animals
p038,3,6,sheep_2.jpg,795,625.5,sheep_2,sheep,2,animals
p038,3,6,butterfly_2.jpg,835.5,656,butterfly_2,butterfly,2,animals
p038,3,6,wolf_2.jpg,1040.5,239.5,wolf_2,wolf,2,animals
p038,3,6,horse_2.jpg,1088,260.5,horse_2,horse,2,animals
p038,3,6,pigeon_2.jpg,435,280,pigeon_2,pigeon,2,animals
p038,3,6,squirrel_2.jpg,525,278,squirrel_2,squirrel,2,animals
p039,1,1,fish_2.jpg,240,133,fish_2,fish,2,animals
p039,1,1,squirrel_2.jpg,379,133,squirrel_2,squirrel,2,animals
p039,1,1,ladybug_2.jpg,545,133,ladybug_2,ladybug,2,animals
p039,1,1,lion_2.jpg,665.5,133,lion_2,lion,2,animals
p039,1,1,butterfly_2.jpg,800.5,133,butterfly_2,butterfly,2,animals
p039,1,1,fox_2.jpg,936.5,133,fox_2,fox,2,animals
p039,1,1,pigeon_2.jpg,1079,133,pigeon_2,pigeon,2,animals
p039,1,1,wolf_2.jpg,1165,133,wolf_2,wolf,2,animals
p039,1,1,dolphin_2.jpg,1165,244,dolphin_2,dolphin,2,animals
p039,1,1,sheep_2.jpg,1057,234.5,sheep_2,sheep,2,animals
p039,1,1,horse_2.jpg,931.5,258,horse_2,horse,2,animals
p039,1,1,peacock_2.jpg,839.5,255,peacock_2,peacock,2,animals
p039,1,2,pigeon_1.jpg,216,142,pigeon_1,pigeon,1,animals
p039,1,2,lion_1.jpg,342.5,146,lion_1,lion,1,animals
p039,1,2,butterfly_1.jpg,467,133,butterfly_1,butterfly,1,animals
p039,1,2,fish_1.jpg,626,133,fish_1,fish,1,animals
p039,1,2,peacock_1.jpg,761.5,133,peacock_1,peacock,1,animals
p039,1,2,wolf_1.jpg,876.5,133,wolf_1,wolf,1,animals
p039,1,2,squirrel_1.jpg,1013.5,133,squirrel_1,squirrel,1,animals
p039,1,2,dolphin_1.jpg,1154,146.5,dolphin_1,dolphin,1,animals
p039,1,2,horse_1.jpg,1138,265,horse_1,horse,1,animals
p039,1,2,ladybug_1.jpg,1040,261,ladybug_1,ladybug,1,animals
p039,1,2,sheep_1.jpg,921,267.5,sheep_1,sheep,1,animals
p039,1,2,fox_1.jpg,834,244,fox_1,fox,1,animals
p039,2,3,happy_4.jpg,223,137.5,happy_4,happy,4,emotions
p039,2,3,fearful_4.jpg,237,658,fearful_4,fearful,4,emotions
p039,2,3,disgust_3.jpg,1156,133,disgust_3,disgust,3,emotions
p039,2,3,fearful_3.jpg,333.5,662,fearful_3,fearful,3,emotions
p039,2,3,surprise_4.jpg,1147,622.5,surprise_4,surprise,4,emotions
p039,2,3,surprise_3.jpg,1165,430,surprise_3,surprise,3,emotions
p039,2,3,disgust_4.jpg,727.5,147,disgust_4,disgust,4,emotions
p039,2,3,angry_3.jpg,1018.5,146.5,angry_3,angry,3,emotions
p039,2,3,sad_4.jpg,714.5,647.5,sad_4,sad,4,emotions
p039,2,3,sad_3.jpg,655,369,sad_3,sad,3,emotions
p039,2,3,happy_3.jpg,335,165,happy_3,happy,3,emotions
p039,2,3,angry_4.jpg,879,139.5,angry_4,angry,4,emotions
p039,2,4,disgust_1.jpg,221.5,133,disgust_1,disgust,1,emotions
p039,2,4,fearful_2.jpg,1165,133,fearful_2,fearful,2,emotions
p039,2,4,sad_1.jpg,232,640,sad_1,sad,1,emotions
p039,2,4,angry_2.jpg,1160,630,angry_2,angry,2,emotions
p039,2,4,sad_2.jpg,628.5,353.5,sad_2,sad,2,emotions
p039,2,4,surprise_2.jpg,643.5,159,surprise_2,surprise,2,emotions
p039,2,4,happy_2.jpg,1155.5,347,happy_2,happy,2,emotions
p039,2,4,fearful_1.jpg,1028.5,162,fearful_1,fearful,1,emotions
p039,2,4,disgust_2.jpg,642.5,643,disgust_2,disgust,2,emotions
p039,2,4,angry_1.jpg,349,137,angry_1,angry,1,emotions
p039,2,4,happy_1.jpg,933.5,372.5,happy_1,happy,1,emotions
p039,2,4,surprise_1.jpg,506,168.5,surprise_1,surprise,1,emotions
p039,3,5,leaf_2.jpg,236,138,leaf_2,leaf,2,plants
p039,3,5,blueberry_2.jpg,808,133,blueberry_2,blueberry,2,plants
p039,3,5,broccoli_2.jpg,378,145.5,broccoli_2,broccoli,2,plants
p039,3,5,apple_2.jpg,513.5,133,apple_2,apple,2,plants
p039,3,5,peanut_2.jpg,662.5,133,peanut_2,peanut,2,plants
p039,3,5,cabbage_2.jpg,962,146.5,cabbage_2,cabbage,2,plants
p039,3,5,flower_2.jpg,1092,136,flower_2,flower,2,plants
p039,3,5,tree_2.jpg,1165,133,tree_2,tree,2,plants
p039,3,5,acorn_2.jpg,1154,260.5,acorn_2,acorn,2,plants
p039,3,5,grass_2.jpg,1025.5,280,grass_2,grass,2,plants
p039,3,5,cherry_2.jpg,879.5,275,cherry_2,cherry,2,plants
p039,3,5,cactus_2.jpg,756,259.5,cactus_2,cactus,2,plants
p039,3,6,grass_1.jpg,222,643,grass_1,grass,1,plants
p039,3,6,apple_1.jpg,346,649,apple_1,apple,1,plants
p039,3,6,tree_1.jpg,477.5,632.5,tree_1,tree,1,plants
p039,3,6,cherry_1.jpg,635.5,629.5,cherry_1,cherry,1,plants
p039,3,6,flower_1.jpg,762.5,630.5,flower_1,flower,1,plants
p039,3,6,cabbage_1.jpg,881,635.5,cabbage_1,cabbage,1,plants
p039,3,6,cactus_1.jpg,1012.5,623,cactus_1,cactus,1,plants
p039,3,6,peanut_1.jpg,1145,629.5,peanut_1,peanut,1,plants
p039,3,6,blueberry_1.jpg,1141.5,495.5,blueberry_1,blueberry,1,plants
p039,3,6,leaf_1.jpg,1004,485.5,leaf_1,leaf,1,plants
p039,3,6,broccoli_1.jpg,856,493.5,broccoli_1,broccoli,1,plants
p039,3,6,acorn_1.jpg,733.5,505.5,acorn_1,acorn,1,plants
p040,1,1,pigeon_2.jpg,433.5,346.5,pigeon_2,pigeon,2,animals
p040,1,1,horse_2.jpg,949,460.5,horse_2,horse,2,animals
p040,1,1,butterfly_2.jpg,750,238,butterfly_2,butterfly,2,animals
p040,1,1,wolf_2.jpg,637.5,658,wolf_2,wolf,2,animals
p040,1,1,ladybug_2.jpg,964.5,248.5,ladybug_2,ladybug,2,animals
p040,1,1,lion_2.jpg,845.5,651,lion_2,lion,2,animals
p040,1,1,fish_2.jpg,215.5,144.5,fish_2,fish,2,animals
p040,1,1,dolphin_2.jpg,519.5,133,dolphin_2,dolphin,2,animals
p040,1,1,squirrel_2.jpg,649,242.5,squirrel_2,squirrel,2,animals
p040,1,1,fox_2.jpg,523,659.5,fox_2,fox,2,animals
p040,1,1,peacock_2.jpg,435.5,545.5,peacock_2,peacock,2,animals
p040,1,1,sheep_2.jpg,219.5,657.5,sheep_2,sheep,2,animals
p040,1,2,wolf_1.jpg,1165,667,wolf_1,wolf,1,animals
p040,1,2,squirrel_1.jpg,729.5,351,squirrel_1,squirrel,1,animals
p040,1,2,lion_1.jpg,854,559,lion_1,lion,1,animals
p040,1,2,ladybug_1.jpg,540,253.5,ladybug_1,ladybug,1,animals
p040,1,2,horse_1.jpg,215,667,horse_1,horse,1,animals
p040,1,2,sheep_1.jpg,416.5,444.5,sheep_1,sheep,1,animals
p040,1,2,fox_1.jpg,632.5,667,fox_1,fox,1,animals
p040,1,2,butterfly_1.jpg,410.5,240.5,butterfly_1,butterfly,1,animals
p040,1,2,fish_1.jpg,1165,147.5,fish_1,fish,1,animals
p040,1,2,peacock_1.jpg,292,232,peacock_1,peacock,1,animals
p040,1,2,pigeon_1.jpg,290.5,133,pigeon_1,pigeon,1,animals
p040,1,2,dolphin_1.jpg,1156,250,dolphin_1,dolphin,1,animals
p040,2,3,leaf_2.jpg,1156.5,133,leaf_2,leaf,2,plants
p040,2,3,flower_2.jpg,536.5,257,flower_2,flower,2,plants
p040,2,3,grass_2.jpg,1151,243,grass_2,grass,2,plants
p040,2,3,blueberry_2.jpg,246,632.5,blueberry_2,blueberry,2,plants
p040,2,3,apple_2.jpg,395.5,639,apple_2,apple,2,plants
p040,2,3,cactus_2.jpg,669,436,cactus_2,cactus,2,plants
p040,2,3,cherry_2.jpg,338,501.5,cherry_2,cherry,2,plants
p040,2,3,acorn_2.jpg,960.5,626,acorn_2,acorn,2,plants
p040,2,3,broccoli_2.jpg,316.5,372,broccoli_2,broccoli,2,plants
p040,2,3,peanut_2.jpg,512.5,458,peanut_2,peanut,2,plants
p040,2,3,cabbage_2.jpg,261,228.5,cabbage_2,cabbage,2,plants
p040,2,3,tree_2.jpg,1149,377,tree_2,tree,2,plants
p040,2,4,cabbage_1.jpg,1141,171.5,cabbage_1,cabbage,1,plants
p040,2,4,acorn_1.jpg,698,343.5,acorn_1,acorn,1,plants
p040,2,4,cherry_1.jpg,240,629.5,cherry_1,cherry,1,plants
p040,2,4,broccoli_1.jpg,1125,319,broccoli_1,broccoli,1,plants
p040,2,4,peanut_1.jpg,726,477.5,peanut_1,peanut,1,plants
p040,2,4,grass_1.jpg,251.5,167,grass_1,grass,1,plants
p040,2,4,tree_1.jpg,379,188.5,tree_1,tree,1,plants
p040,2,4,flower_1.jpg,279.5,320.5,flower_1,flower,1,plants
p040,2,4,apple_1.jpg,373.5,627.5,apple_1,apple,1,plants
p040,2,4,cactus_1.jpg,427.5,330,cactus_1,cactus,1,plants
p040,2,4,blueberry_1.jpg,517.5,610.5,blueberry_1,blueberry,1,plants
p040,2,4,leaf_1.jpg,521,173.5,leaf_1,leaf,1,plants
p040,3,5,happy_4.jpg,270.5,409,happy_4,happy,4,emotions
p040,3,5,disgust_4.jpg,652,397,disgust_4,disgust,4,emotions
p040,3,5,fearful_4.jpg,651.5,517.5,fearful_4,fearful,4,emotions
p040,3,5,sad_4.jpg,1035,445.5,sad_4,sad,4,emotions
p040,3,5,angry_4.jpg,1046.5,304.5,angry_4,angry,4,emotions
p040,3,5,happy_3.jpg,268.5,520.5,happy_3,happy,3,emotions
p040,3,5,disgust_3.jpg,647.5,292,disgust_3,disgust,3,emotions
p040,3,5,fearful_3.jpg,651,165,fearful_3,fearful,3,emotions
p040,3,5,sad_3.jpg,670,641,sad_3,sad,3,emotions
p040,3,5,angry_3.jpg,952,417.5,angry_3,angry,3,emotions
p040,3,5,surprise_3.jpg,339.5,248,surprise_3,surprise,3,emotions
p040,3,5,surprise_4.jpg,754.5,155.5,surprise_4,surprise,4,emotions
p040,3,6,surprise_1.jpg,665.5,326,surprise_1,surprise,1,emotions
p040,3,6,disgust_1.jpg,675.5,434,disgust_1,disgust,1,emotions
p040,3,6,happy_1.jpg,368.5,498,happy_1,happy,1,emotions
p040,3,6,angry_2.jpg,1161.5,334,angry_2,angry,2,emotions
p040,3,6,surprise_2.jpg,679.5,548,surprise_2,surprise,2,emotions
p040,3,6,fearful_2.jpg,652,192.5,fearful_2,fearful,2,emotions
p040,3,6,angry_1.jpg,1021,435.5,angry_1,angry,1,emotions
p040,3,6,sad_2.jpg,664,645.5,sad_2,sad,2,emotions
p040,3,6,disgust_2.jpg,659.5,133,disgust_2,disgust,2,emotions
p040,3,6,sad_1.jpg,843,394,sad_1,sad,1,emotions
p040,3,6,happy_2.jpg,346,408,happy_2,happy,2,emotions
p040,3,6,fearful_1.jpg,756.5,133,fearful_1,fearful,1,emotions
p041,1,1,surprise_4.jpg,272.5,194.5,surprise_4,surprise,4,emotions
p041,1,1,surprise_3.jpg,403.5,191,surprise_3,surprise,3,emotions
p041,1,1,sad_4.jpg,715,186,sad_4,sad,4,emotions
p041,1,1,angry_4.jpg,998,215,angry_4,angry,4,emotions
p041,1,1,happy_3.jpg,806,468,happy_3,happy,3,emotions
p041,1,1,sad_3.jpg,636.5,289,sad_3,sad,3,emotions
p041,1,1,disgust_3.jpg,1131.5,306,disgust_3,disgust,3,emotions
p041,1,1,disgust_4.jpg,1005.5,339,disgust_4,disgust,4,emotions
p041,1,1,angry_3.jpg,1131,441.5,angry_3,angry,3,emotions
p041,1,1,fearful_4.jpg,280.5,384,fearful_4,fearful,4,emotions
p041,1,1,happy_4.jpg,695,517.5,happy_4,happy,4,emotions
p041,1,1,fearful_3.jpg,394.5,412,fearful_3,fearful,3,emotions
p041,1,2,surprise_2.jpg,234,149,surprise_2,surprise,2,emotions
p041,1,2,surprise_1.jpg,296.5,153.5,surprise_1,surprise,1,emotions
p041,1,2,disgust_1.jpg,1165,154.5,disgust_1,disgust,1,emotions
p041,1,2,fearful_2.jpg,330,458,fearful_2,fearful,2,emotions
p041,1,2,fearful_1.jpg,225.5,445.5,fearful_1,fearful,1,emotions
p041,1,2,angry_1.jpg,1063,255.5,angry_1,angry,1,emotions
p041,1,2,happy_1.jpg,638.5,250.5,happy_1,happy,1,emotions
p041,1,2,angry_2.jpg,1165,254.5,angry_2,angry,2,emotions
p041,1,2,sad_1.jpg,740.5,447.5,sad_1,sad,1,emotions
p041,1,2,disgust_2.jpg,1077.5,150,disgust_2,disgust,2,emotions
p041,1,2,sad_2.jpg,746.5,564.5,sad_2,sad,2,emotions
p041,1,2,happy_2.jpg,563.5,248.5,happy_2,happy,2,emotions
p041,2,3,wolf_2.jpg,220,133,wolf_2,wolf,2,animals
p041,2,3,butterfly_2.jpg,1160,151,butterfly_2,butterfly,2,animals
p041,2,3,sheep_2.jpg,1165,249.5,sheep_2,sheep,2,animals
p041,2,3,ladybug_2.jpg,215,444,ladybug_2,ladybug,2,animals
p041,2,3,pigeon_2.jpg,218,242.5,pigeon_2,pigeon,2,animals
p041,2,3,peacock_2.jpg,216,349.5,peacock_2,peacock,2,animals
p041,2,3,fox_2.jpg,218.5,562.5,fox_2,fox,2,animals
p041,2,3,squirrel_2.jpg,1163.5,351,squirrel_2,squirrel,2,animals
p041,2,3,lion_2.jpg,229,664.5,lion_2,lion,2,animals
p041,2,3,dolphin_2.jpg,324,133,dolphin_2,dolphin,2,animals
p041,2,3,horse_2.jpg,1165,460.5,horse_2,horse,2,animals
p041,2,3,fish_2.jpg,316.5,243.5,fish_2,fish,2,animals
p041,2,4,peacock_1.jpg,215,136,peacock_1,peacock,1,animals
p041,2,4,fish_1.jpg,219.5,236.5,fish_1,fish,1,animals
p041,2,4,wolf_1.jpg,215.5,343.5,wolf_1,wolf,1,animals
p041,2,4,squirrel_1.jpg,1165,146,squirrel_1,squirrel,1,animals
p041,2,4,fox_1.jpg,215,441.5,fox_1,fox,1,animals
p041,2,4,pigeon_1.jpg,215,555,pigeon_1,pigeon,1,animals
p041,2,4,sheep_1.jpg,1162,247,sheep_1,sheep,1,animals
p041,2,4,lion_1.jpg,221,662.5,lion_1,lion,1,animals
p041,2,4,dolphin_1.jpg,324,141.5,dolphin_1,dolphin,1,animals
p041,2,4,butterfly_1.jpg,1165,336.5,butterfly_1,butterfly,1,animals
p041,2,4,ladybug_1.jpg,326,239.5,ladybug_1,ladybug,1,animals
p041,2,4,horse_1.jpg,1165,448,horse_1,horse,1,animals
p041,3,5,broccoli_2.jpg,218.5,141.5,broccoli_2,broccoli,2,plants
p041,3,5,acorn_2.jpg,856.5,656.5,acorn_2,acorn,2,plants
p041,3,5,blueberry_2.jpg,1165,133,blueberry_2,blueberry,2,plants
p041,3,5,apple_2.jpg,1165,254,apple_2,apple,2,plants
p041,3,5,peanut_2.jpg,758.5,661,peanut_2,peanut,2,plants
p041,3,5,flower_2.jpg,641,449.5,flower_2,flower,2,plants
p041,3,5,cactus_2.jpg,644,348.5,cactus_2,cactus,2,plants
p041,3,5,grass_2.jpg,531,452.5,grass_2,grass,2,plants
p041,3,5,cabbage_2.jpg,229.5,248,cabbage_2,cabbage,2,plants
p041,3,5,tree_2.jpg,542.5,341,tree_2,tree,2,plants
p041,3,5,leaf_2.jpg,644.5,324,leaf_2,leaf,2,plants
p041,3,5,cherry_2.jpg,1150.5,356.5,cherry_2,cherry,2,plants
p041,3,6,flower_1.jpg,640,344.5,flower_1,flower,1,plants
p041,3,6,blueberry_1.jpg,1165,140,blueberry_1,blueberry,1,plants
p041,3,6,peanut_1.jpg,734,655.5,peanut_1,peanut,1,plants
p041,3,6,apple_1.jpg,1162.5,245.5,apple_1,apple,1,plants
p041,3,6,broccoli_1.jpg,232,133,broccoli_1,broccoli,1,plants
p041,3,6,grass_1.jpg,627.5,380,grass_1,grass,1,plants
p041,3,6,cabbage_1.jpg,219.5,176,cabbage_1,cabbage,1,plants
p041,3,6,cactus_1.jpg,588,420.5,cactus_1,cactus,1,plants
p041,3,6,acorn_1.jpg,690.5,667,acorn_1,acorn,1,plants
p041,3,6,leaf_1.jpg,538,383,leaf_1,leaf,1,plants
p041,3,6,cherry_1.jpg,1131.5,327,cherry_1,cherry,1,plants
p041,3,6,tree_1.jpg,600,405.5,tree_1,tree,1,plants
p042,1,1,fearful_4.jpg,1139.5,351.5,fearful_4,fearful,4,emotions
p042,1,1,disgust_3.jpg,1159.5,664,disgust_3,disgust,3,emotions
p042,1,1,sad_4.jpg,220.5,638,sad_4,sad,4,emotions
p042,1,1,disgust_4.jpg,407,435.5,disgust_4,disgust,4,emotions
p042,1,1,surprise_4.jpg,544,133,surprise_4,surprise,4,emotions
p042,1,1,angry_4.jpg,517,447.5,angry_4,angry,4,emotions
p042,1,1,fearful_3.jpg,215,142,fearful_3,fearful,3,emotions
p042,1,1,happy_3.jpg,748.5,434.5,happy_3,happy,3,emotions
p042,1,1,angry_3.jpg,547.5,648.5,angry_3,angry,3,emotions
p042,1,1,surprise_3.jpg,215,257.5,surprise_3,surprise,3,emotions
p042,1,1,happy_4.jpg,215,436.5,happy_4,happy,4,emotions
p042,1,1,sad_3.jpg,404.5,255,sad_3,sad,3,emotions
p042,1,2,happy_1.jpg,215,439.5,happy_1,happy,1,emotions
p042,1,2,surprise_1.jpg,1141.5,137,surprise_1,surprise,1,emotions
p042,1,2,surprise_2.jpg,1161.5,642,surprise_2,surprise,2,emotions
p042,1,2,fearful_1.jpg,215.5,147,fearful_1,fearful,1,emotions
p042,1,2,sad_2.jpg,216,667,sad_2,sad,2,emotions
p042,1,2,disgust_1.jpg,718,351,disgust_1,disgust,1,emotions
p042,1,2,happy_2.jpg,499,344,happy_2,happy,2,emotions
p042,1,2,angry_1.jpg,423.5,148.5,angry_1,angry,1,emotions
p042,1,2,fearful_2.jpg,511.5,133,fearful_2,fearful,2,emotions
p042,1,2,angry_2.jpg,630,133,angry_2,angry,2,emotions
p042,1,2,disgust_2.jpg,732,133.5,disgust_2,disgust,2,emotions
p042,1,2,sad_1.jpg,836.5,133,sad_1,sad,1,emotions
p042,2,3,blueberry_2.jpg,219.5,154.5,blueberry_2,blueberry,2,plants
p042,2,3,cactus_2.jpg,218,269,cactus_2,cactus,2,plants
p042,2,3,cherry_2.jpg,227.5,378,cherry_2,cherry,2,plants
p042,2,3,apple_2.jpg,257.5,461,apple_2,apple,2,plants
p042,2,3,grass_2.jpg,215,599,grass_2,grass,2,plants
p042,2,3,broccoli_2.jpg,269,667,broccoli_2,broccoli,2,plants
p042,2,3,peanut_2.jpg,333.5,174,peanut_2,peanut,2,plants
p042,2,3,cabbage_2.jpg,321,267.5,cabbage_2,cabbage,2,plants
p042,2,3,leaf_2.jpg,320,400,leaf_2,leaf,2,plants
p042,2,3,flower_2.jpg,325,496,flower_2,flower,2,plants
p042,2,3,tree_2.jpg,294.5,610.5,tree_2,tree,2,plants
p042,2,3,acorn_2.jpg,423.5,458.5,acorn_2,acorn,2,plants
p042,2,4,broccoli_1.jpg,215,153,broccoli_1,broccoli,1,plants
p042,2,4,blueberry_1.jpg,336,133,blueberry_1,blueberry,1,plants
p042,2,4,peanut_1.jpg,248.5,353.5,peanut_1,peanut,1,plants
p042,2,4,cherry_1.jpg,481.5,135,cherry_1,cherry,1,plants
p042,2,4,tree_1.jpg,363,323.5,tree_1,tree,1,plants
p042,2,4,leaf_1.jpg,461.5,330.5,leaf_1,leaf,1,plants
p042,2,4,apple_1.jpg,591,133,apple_1,apple,1,plants
p042,2,4,acorn_1.jpg,612,334,acorn_1,acorn,1,plants
p042,2,4,grass_1.jpg,753,320,grass_1,grass,1,plants
p042,2,4,cactus_1.jpg,919,303.5,cactus_1,cactus,1,plants
p042,2,4,cabbage_1.jpg,778.5,133,cabbage_1,cabbage,1,plants
p042,2,4,flower_1.jpg,1055,282.5,flower_1,flower,1,plants
p042,3,5,wolf_2.jpg,243.5,142.5,wolf_2,wolf,2,animals
p042,3,5,dolphin_2.jpg,364.5,138,dolphin_2,dolphin,2,animals
p042,3,5,sheep_2.jpg,568.5,133,sheep_2,sheep,2,animals
p042,3,5,butterfly_2.jpg,739,137.5,butterfly_2,butterfly,2,animals
p042,3,5,ladybug_2.jpg,857.5,133,ladybug_2,ladybug,2,animals
p042,3,5,fish_2.jpg,945,133,fish_2,fish,2,animals
p042,3,5,horse_2.jpg,1059.5,133,horse_2,horse,2,animals
p042,3,5,squirrel_2.jpg,1158,142.5,squirrel_2,squirrel,2,animals
p042,3,5,peacock_2.jpg,215,264,peacock_2,peacock,2,animals
p042,3,5,pigeon_2.jpg,335.5,242,pigeon_2,pigeon,2,animals
p042,3,5,fox_2.jpg,486,218.5,fox_2,fox,2,animals
p042,3,5,lion_2.jpg,595.5,235.5,lion_2,lion,2,animals
p042,3,6,horse_1.jpg,215,133,horse_1,horse,1,animals
p042,3,6,fox_1.jpg,239.5,341,fox_1,fox,1,animals
p042,3,6,lion_1.jpg,367,325.5,lion_1,lion,1,animals
p042,3,6,butterfly_1.jpg,566,358,butterfly_1,butterfly,1,animals
p042,3,6,fish_1.jpg,748,346,fish_1,fish,1,animals
p042,3,6,peacock_1.jpg,861,346,peacock_1,peacock,1,animals
p042,3,6,squirrel_1.jpg,1042,341.5,squirrel_1,squirrel,1,animals
p042,3,6,sheep_1.jpg,348.5,133,sheep_1,sheep,1,animals
p042,3,6,dolphin_1.jpg,1146,366,dolphin_1,dolphin,1,animals
p042,3,6,wolf_1.jpg,949,368.5,wolf_1,wolf,1,animals
p042,3,6,pigeon_1.jpg,608,351,pigeon_1,pigeon,1,animals
p042,3,6,ladybug_1.jpg,451.5,345,ladybug_1,ladybug,1,animals
p043,1,1,cactus_2.jpg,667,179.5,cactus_2,cactus,2,plants
p043,1,1,apple_2.jpg,897.5,517.5,apple_2,apple,2,plants
p043,1,1,tree_2.jpg,1109,306,tree_2,tree,2,plants
p043,1,1,broccoli_2.jpg,584,407.5,broccoli_2,broccoli,2,plants
p043,1,1,peanut_2.jpg,292.5,356.5,peanut_2,peanut,2,plants
p043,1,1,grass_2.jpg,868,301.5,grass_2,grass,2,plants
p043,1,1,flower_2.jpg,1104,476.5,flower_2,flower,2,plants
p043,1,1,cherry_2.jpg,692.5,617.5,cherry_2,cherry,2,plants
p043,1,1,cabbage_2.jpg,432,568.5,cabbage_2,cabbage,2,plants
p043,1,1,leaf_2.jpg,1007,174.5,leaf_2,leaf,2,plants
p043,1,1,acorn_2.jpg,285,506.5,acorn_2,acorn,2,plants
p043,1,1,blueberry_2.jpg,759,449.5,blueberry_2,blueberry,2,plants
p043,1,2,apple_1.jpg,1115,635,apple_1,apple,1,plants
p043,1,2,acorn_1.jpg,277.5,170,acorn_1,acorn,1,plants
p043,1,2,peanut_1.jpg,438,204.5,peanut_1,peanut,1,plants
p043,1,2,blueberry_1.jpg,1122.5,483,blueberry_1,blueberry,1,plants
p043,1,2,tree_1.jpg,727,384.5,tree_1,tree,1,plants
p043,1,2,cabbage_1.jpg,406.5,566.5,cabbage_1,cabbage,1,plants
p043,1,2,flower_1.jpg,886.5,609.5,flower_1,flower,1,plants
p043,1,2,cherry_1.jpg,1006.5,389,cherry_1,cherry,1,plants
p043,1,2,leaf_1.jpg,809,194,leaf_1,leaf,1,plants
p043,1,2,cactus_1.jpg,333.5,401.5,cactus_1,cactus,1,plants
p043,1,2,grass_1.jpg,713,628,grass_1,grass,1,plants
p043,1,2,broccoli_1.jpg,248,613.5,broccoli_1,broccoli,1,plants
p043,2,3,lion_2.jpg,271.5,191,lion_2,lion,2,animals
p043,2,3,wolf_2.jpg,284,441,wolf_2,wolf,2,animals
p043,2,3,dolphin_2.jpg,1002,201,dolphin_2,dolphin,2,animals
p043,2,3,ladybug_2.jpg,699.5,514.5,ladybug_2,ladybug,2,animals
p043,2,3,squirrel_2.jpg,1085,625.5,squirrel_2,squirrel,2,animals
p043,2,3,fish_2.jpg,1037.5,388.5,fish_2,fish,2,animals
p043,2,3,peacock_2.jpg,580,279,peacock_2,peacock,2,animals
p043,2,3,sheep_2.jpg,502,578,sheep_2,sheep,2,animals
p043,2,3,butterfly_2.jpg,871.5,512.5,butterfly_2,butterfly,2,animals
p043,2,3,horse_2.jpg,389.5,321,horse_2,horse,2,animals
p043,2,3,pigeon_2.jpg,859.5,332.5,pigeon_2,pigeon,2,animals
p043,2,3,fox_2.jpg,303.5,595.5,fox_2,fox,2,animals
p043,2,4,ladybug_1.jpg,277,194.5,ladybug_1,ladybug,1,animals
p043,2,4,pigeon_1.jpg,1099,190.5,pigeon_1,pigeon,1,animals
p043,2,4,butterfly_1.jpg,490.5,189.5,butterfly_1,butterfly,1,animals
p043,2,4,dolphin_1.jpg,357,599.5,dolphin_1,dolphin,1,animals
p043,2,4,squirrel_1.jpg,686.5,398.5,squirrel_1,squirrel,1,animals
p043,2,4,sheep_1.jpg,857.5,410,sheep_1,sheep,1,animals
p043,2,4,fish_1.jpg,683.5,620,fish_1,fish,1,animals
p043,2,4,peacock_1.jpg,863.5,201,peacock_1,peacock,1,animals
p043,2,4,lion_1.jpg,1127,621,lion_1,lion,1,animals
p043,2,4,wolf_1.jpg,1101.5,406.5,wolf_1,wolf,1,animals
p043,2,4,horse_1.jpg,875,600.5,horse_1,horse,1,animals
p043,2,4,fox_1.jpg,996,526.5,fox_1,fox,1,animals
p043,3,5,disgust_4.jpg,279.5,191,disgust_4,disgust,4,emotions
p043,3,5,fearful_4.jpg,486.5,311,fearful_4,fearful,4,emotions
p043,3,5,surprise_4.jpg,611.5,451,surprise_4,surprise,4,emotions
p043,3,5,surprise_3.jpg,481,485,surprise_3,surprise,3,emotions
p043,3,5,fearful_3.jpg,612.5,290.5,fearful_3,fearful,3,emotions
p043,3,5,happy_4.jpg,877.5,491.5,happy_4,happy,4,emotions
p043,3,5,sad_3.jpg,374,194,sad_3,sad,3,emotions
p043,3,5,happy_3.jpg,995.5,487,happy_3,happy,3,emotions
p043,3,5,sad_4.jpg,234,600,sad_4,sad,4,emotions
p043,3,5,angry_4.jpg,1041,212.5,angry_4,angry,4,emotions
p043,3,5,angry_3.jpg,923,215,angry_3,angry,3,emotions
p043,3,5,disgust_3.jpg,800,208,disgust_3,disgust,3,emotions
p043,3,6,disgust_1.jpg,287.5,176.5,disgust_1,disgust,1,emotions
p043,3,6,sad_1.jpg,401,345,sad_1,sad,1,emotions
p043,3,6,disgust_2.jpg,1146,196,disgust_2,disgust,2,emotions
p043,3,6,fearful_1.jpg,820.5,346.5,fearful_1,fearful,1,emotions
p043,3,6,surprise_2.jpg,686,484.5,surprise_2,surprise,2,emotions
p043,3,6,angry_1.jpg,684.5,191,angry_1,angry,1,emotions
p043,3,6,fearful_2.jpg,851,510,fearful_2,fearful,2,emotions
p043,3,6,angry_2.jpg,562,174,angry_2,angry,2,emotions
p043,3,6,happy_1.jpg,1125.5,601.5,happy_1,happy,1,emotions
p043,3,6,surprise_1.jpg,547.5,497,surprise_1,surprise,1,emotions
p043,3,6,sad_2.jpg,227,332.5,sad_2,sad,2,emotions
p043,3,6,happy_2.jpg,1033.5,598.5,happy_2,happy,2,emotions
p044,1,1,blueberry_2.jpg,342.5,431.5,blueberry_2,blueberry,2,plants
p044,1,1,apple_2.jpg,594.5,443.5,apple_2,apple,2,plants
p044,1,1,flower_2.jpg,934.5,154,flower_2,flower,2,plants
p044,1,1,cherry_2.jpg,1043.5,344.5,cherry_2,cherry,2,plants
p044,1,1,broccoli_2.jpg,215,651.5,broccoli_2,broccoli,2,plants
p044,1,1,leaf_2.jpg,500,638,leaf_2,leaf,2,plants
p044,1,1,grass_2.jpg,947,561,grass_2,grass,2,plants
p044,1,1,peanut_2.jpg,731,637.5,peanut_2,peanut,2,plants
p044,1,1,tree_2.jpg,351.5,633.5,tree_2,tree,2,plants
p044,1,1,acorn_2.jpg,852,427.5,acorn_2,acorn,2,plants
p044,1,1,cabbage_2.jpg,325.5,236.5,cabbage_2,cabbage,2,plants
p044,1,1,cactus_2.jpg,738.5,133,cactus_2,cactus,2,plants
p044,1,2,cactus_1.jpg,533,528,cactus_1,cactus,1,plants
p044,1,2,flower_1.jpg,455.5,144,flower_1,flower,1,plants
p044,1,2,apple_1.jpg,215,371.5,apple_1,apple,1,plants
p044,1,2,cabbage_1.jpg,331.5,660,cabbage_1,cabbage,1,plants
p044,1,2,cherry_1.jpg,215,257,cherry_1,cherry,1,plants
p044,1,2,tree_1.jpg,629.5,358,tree_1,tree,1,plants
p044,1,2,leaf_1.jpg,215,653.5,leaf_1,leaf,1,plants
p044,1,2,broccoli_1.jpg,949,378,broccoli_1,broccoli,1,plants
p044,1,2,grass_1.jpg,936.5,226.5,grass_1,grass,1,plants
p044,1,2,peanut_1.jpg,215,353.5,peanut_1,peanut,1,plants
p044,1,2,blueberry_1.jpg,686,159.5,blueberry_1,blueberry,1,plants
p044,1,2,acorn_1.jpg,319.5,145.5,acorn_1,acorn,1,plants
p044,2,3,disgust_3.jpg,842,553,disgust_3,disgust,3,emotions
p044,2,3,angry_4.jpg,215.5,342.5,angry_4,angry,4,emotions
p044,2,3,sad_4.jpg,385.5,502,sad_4,sad,4,emotions
p044,2,3,fearful_4.jpg,632.5,215,fearful_4,fearful,4,emotions
p044,2,3,happy_3.jpg,1098.5,384,happy_3,happy,3,emotions
p044,2,3,happy_4.jpg,350,139.5,happy_4,happy,4,emotions
p044,2,3,surprise_4.jpg,653.5,444.5,surprise_4,surprise,4,emotions
p044,2,3,angry_3.jpg,451.5,231.5,angry_3,angry,3,emotions
p044,2,3,surprise_3.jpg,543.5,639,surprise_3,surprise,3,emotions
p044,2,3,fearful_3.jpg,251,667,fearful_3,fearful,3,emotions
p044,2,3,disgust_4.jpg,255.5,558.5,disgust_4,disgust,4,emotions
p044,2,3,sad_3.jpg,339.5,329,sad_3,sad,3,emotions
p044,2,4,disgust_1.jpg,716.5,133,disgust_1,disgust,1,emotions
p044,2,4,sad_1.jpg,1165,461,sad_1,sad,1,emotions
p044,2,4,surprise_2.jpg,1165,567,surprise_2,surprise,2,emotions
p044,2,4,disgust_2.jpg,992.5,133,disgust_2,disgust,2,emotions
p044,2,4,happy_2.jpg,548.5,133,happy_2,happy,2,emotions
p044,2,4,angry_1.jpg,215,400,angry_1,angry,1,emotions
p044,2,4,fearful_1.jpg,750,328.5,fearful_1,fearful,1,emotions
p044,2,4,fearful_2.jpg,1065.5,261.5,fearful_2,fearful,2,emotions
p044,2,4,happy_1.jpg,391,133,happy_1,happy,1,emotions
p044,2,4,angry_2.jpg,296,133,angry_2,angry,2,emotions
p044,2,4,sad_2.jpg,396,412.5,sad_2,sad,2,emotions
p044,2,4,surprise_1.jpg,215,653.5,surprise_1,surprise,1,emotions
p044,3,5,horse_2.jpg,239.5,135,horse_2,horse,2,animals
p044,3,5,dolphin_2.jpg,645,555.5,dolphin_2,dolphin,2,animals
p044,3,5,fish_2.jpg,953.5,628.5,fish_2,fish,2,animals
p044,3,5,lion_2.jpg,433.5,548.5,lion_2,lion,2,animals
p044,3,5,butterfly_2.jpg,1165,373,butterfly_2,butterfly,2,animals
p044,3,5,ladybug_2.jpg,541.5,228,ladybug_2,ladybug,2,animals
p044,3,5,wolf_2.jpg,395.5,133,wolf_2,wolf,2,animals
p044,3,5,squirrel_2.jpg,1067.5,261,squirrel_2,squirrel,2,animals
p044,3,5,pigeon_2.jpg,847,133,pigeon_2,pigeon,2,animals
p044,3,5,fox_2.jpg,661.5,266.5,fox_2,fox,2,animals
p044,3,5,peacock_2.jpg,263,262,peacock_2,peacock,2,animals
p044,3,5,sheep_2.jpg,868,433.5,sheep_2,sheep,2,animals
p044,3,6,dolphin_1.jpg,767,312.5,dolphin_1,dolphin,1,animals
p044,3,6,pigeon_1.jpg,1057.5,243,pigeon_1,pigeon,1,animals
p044,3,6,wolf_1.jpg,975,337.5,wolf_1,wolf,1,animals
p044,3,6,peacock_1.jpg,446,157,peacock_1,peacock,1,animals
p044,3,6,horse_1.jpg,668,133,horse_1,horse,1,animals
p044,3,6,lion_1.jpg,468,351.5,lion_1,lion,1,animals
p044,3,6,squirrel_1.jpg,660.5,361.5,squirrel_1,squirrel,1,animals
p044,3,6,ladybug_1.jpg,867,453.5,ladybug_1,ladybug,1,animals
p044,3,6,fox_1.jpg,560,434,fox_1,fox,1,animals
p044,3,6,butterfly_1.jpg,319,133,butterfly_1,butterfly,1,animals
p044,3,6,sheep_1.jpg,351.5,269,sheep_1,sheep,1,animals
p044,3,6,fish_1.jpg,1165,566,fish_1,fish,1,animals
p045,1,1,wolf_1.jpg,413.5,156.5,wolf_1,wolf,1,animals
p045,1,1,sheep_1.jpg,829.5,161.5,sheep_1,sheep,1,animals
p045,1,1,ladybug_1.jpg,1123,188,ladybug_1,ladybug,1,animals
p045,1,1,fish_1.jpg,625,430.5,fish_1,fish,1,animals
p045,1,1,horse_1.jpg,727.5,173.5,horse_1,horse,1,animals
p045,1,1,butterfly_1.jpg,1087,297,butterfly_1,butterfly,1,animals
p045,1,1,fox_1.jpg,310.5,247,fox_1,fox,1,animals
p045,1,1,dolphin_1.jpg,551.5,519.5,dolphin_1,dolphin,1,animals
p045,1,1,pigeon_1.jpg,953.5,582,pigeon_1,pigeon,1,animals
p045,1,1,squirrel_1.jpg,746,265,squirrel_1,squirrel,1,animals
p045,1,1,lion_1.jpg,260.5,437,lion_1,lion,1,animals
p045,1,1,peacock_1.jpg,858.5,648,peacock_1,peacock,1,animals
p045,1,2,butterfly_2.jpg,334.5,149,butterfly_2,butterfly,2,animals
p045,1,2,lion_2.jpg,703.5,133,lion_2,lion,2,animals
p045,1,2,ladybug_2.jpg,293.5,228,ladybug_2,ladybug,2,animals
p045,1,2,dolphin_2.jpg,1070.5,148.5,dolphin_2,dolphin,2,animals
p045,1,2,fish_2.jpg,997,243.5,fish_2,fish,2,animals
p045,1,2,wolf_2.jpg,293.5,465.5,wolf_2,wolf,2,animals
p045,1,2,sheep_2.jpg,765.5,453,sheep_2,sheep,2,animals
p045,1,2,pigeon_2.jpg,1035.5,515.5,pigeon_2,pigeon,2,animals
p045,1,2,squirrel_2.jpg,656,531,squirrel_2,squirrel,2,animals
p045,1,2,horse_2.jpg,752.5,579.5,horse_2,horse,2,animals
p045,1,2,peacock_2.jpg,999.5,604,peacock_2,peacock,2,animals
p045,1,2,fox_2.jpg,283.5,563,fox_2,fox,2,animals
p045,2,3,fearful_2.jpg,349.5,133,fearful_2,fearful,2,emotions
p045,2,3,happy_2.jpg,820,147,happy_2,happy,2,emotions
p045,2,3,disgust_1.jpg,668,485.5,disgust_1,disgust,1,emotions
p045,2,3,angry_1.jpg,282.5,443.5,angry_1,angry,1,emotions
p045,2,3,disgust_2.jpg,749.5,407,disgust_2,disgust,2,emotions
p045,2,3,sad_1.jpg,1001,285,sad_1,sad,1,emotions
p045,2,3,sad_2.jpg,1083.5,358.5,sad_2,sad,2,emotions
p045,2,3,surprise_2.jpg,1032.5,136,surprise_2,surprise,2,emotions
p045,2,3,angry_2.jpg,310,360.5,angry_2,angry,2,emotions
p045,2,3,fearful_1.jpg,272,161,fearful_1,fearful,1,emotions
p045,2,3,happy_1.jpg,732,168,happy_1,happy,1,emotions
p045,2,3,surprise_1.jpg,1149.5,159,surprise_1,surprise,1,emotions
p045,2,4,happy_4.jpg,420.5,145.5,happy_4,happy,4,emotions
p045,2,4,happy_3.jpg,349.5,195,happy_3,happy,3,emotions
p045,2,4,disgust_4.jpg,1106.5,584.5,disgust_4,disgust,4,emotions
p045,2,4,surprise_3.jpg,727,162.5,surprise_3,surprise,3,emotions
p045,2,4,sad_3.jpg,234.5,633.5,sad_3,sad,3,emotions
p045,2,4,surprise_4.jpg,789,266,surprise_4,surprise,4,emotions
p045,2,4,angry_3.jpg,491,633,angry_3,angry,3,emotions
p045,2,4,disgust_3.jpg,1003,623,disgust_3,disgust,3,emotions
p045,2,4,fearful_4.jpg,1149.5,391,fearful_4,fearful,4,emotions
p045,2,4,angry_4.jpg,561,631.5,angry_4,angry,4,emotions
p045,2,4,sad_4.jpg,279,585,sad_4,sad,4,emotions
p045,2,4,fearful_3.jpg,1165,424,fearful_3,fearful,3,emotions
p045,3,5,acorn_1.jpg,413.5,181,acorn_1,acorn,1,plants
p045,3,5,flower_1.jpg,560,556,flower_1,flower,1,plants
p045,3,5,cabbage_1.jpg,1086.5,196,cabbage_1,cabbage,1,plants
p045,3,5,apple_1.jpg,1037,469.5,apple_1,apple,1,plants
p045,3,5,blueberry_1.jpg,1009,565,blueberry_1,blueberry,1,plants
p045,3,5,broccoli_1.jpg,1013,275.5,broccoli_1,broccoli,1,plants
p045,3,5,leaf_1.jpg,372,544.5,leaf_1,leaf,1,plants
p045,3,5,cherry_1.jpg,903,612,cherry_1,cherry,1,plants
p045,3,5,peanut_1.jpg,321,248.5,peanut_1,peanut,1,plants
p045,3,5,grass_1.jpg,409,641,grass_1,grass,1,plants
p045,3,5,cactus_1.jpg,463,413.5,cactus_1,cactus,1,plants
p045,3,5,tree_1.jpg,630,426,tree_1,tree,1,plants
p045,3,6,cherry_2.jpg,350,162,cherry_2,cherry,2,plants
p045,3,6,leaf_2.jpg,766.5,167,leaf_2,leaf,2,plants
p045,3,6,peanut_2.jpg,232,617.5,peanut_2,peanut,2,plants
p045,3,6,cactus_2.jpg,965,155.5,cactus_2,cactus,2,plants
p045,3,6,cabbage_2.jpg,537.5,420.5,cabbage_2,cabbage,2,plants
p045,3,6,flower_2.jpg,869,275,flower_2,flower,2,plants
p045,3,6,acorn_2.jpg,337.5,612,acorn_2,acorn,2,plants
p045,3,6,grass_2.jpg,728,270.5,grass_2,grass,2,plants
p045,3,6,apple_2.jpg,281.5,249,apple_2,apple,2,plants
p045,3,6,tree_2.jpg,650,180,tree_2,tree,2,plants
p045,3,6,blueberry_2.jpg,218.5,322,blueberry_2,blueberry,2,plants
p045,3,6,broccoli_2.jpg,495,495,broccoli_2,broccoli,2,plants
p046,1,1,horse_1.jpg,413,273,horse_1,horse,1,animals
p046,1,1,peacock_1.jpg,285,610.5,peacock_1,peacock,1,animals
p046,1,1,fox_1.jpg,740,456.5,fox_1,fox,1,animals
p046,1,1,fish_1.jpg,860.5,250,fish_1,fish,1,animals
p046,1,1,lion_1.jpg,1019,552.5,lion_1,lion,1,animals
p046,1,1,wolf_1.jpg,651,660,wolf_1,wolf,1,animals
p046,1,1,sheep_1.jpg,657,267.5,sheep_1,sheep,1,animals
p046,1,1,ladybug_1.jpg,253,424.5,ladybug_1,ladybug,1,animals
p046,1,1,dolphin_1.jpg,523,417.5,dolphin_1,dolphin,1,animals
p046,1,1,butterfly_1.jpg,1073,315,butterfly_1,butterfly,1,animals
p046,1,1,squirrel_1.jpg,808.5,631,squirrel_1,squirrel,1,animals
p046,1,1,pigeon_1.jpg,427.5,622.5,pigeon_1,pigeon,1,animals
p046,1,2,squirrel_2.jpg,368.5,245.5,squirrel_2,squirrel,2,animals
p046,1,2,dolphin_2.jpg,403.5,541.5,dolphin_2,dolphin,2,animals
p046,1,2,butterfly_2.jpg,770,393.5,butterfly_2,butterfly,2,animals
p046,1,2,fish_2.jpg,638.5,547,fish_2,fish,2,animals
p046,1,2,ladybug_2.jpg,968,385.5,ladybug_2,ladybug,2,animals
p046,1,2,peacock_2.jpg,1081,615,peacock_2,peacock,2,animals
p046,1,2,horse_2.jpg,830.5,191,horse_2,horse,2,animals
p046,1,2,lion_2.jpg,1165,203.5,lion_2,lion,2,animals
p046,1,2,fox_2.jpg,554.5,329,fox_2,fox,2,animals
p046,1,2,pigeon_2.jpg,237.5,402,pigeon_2,pigeon,2,animals
p046,1,2,sheep_2.jpg,603,149.5,sheep_2,sheep,2,animals
p046,1,2,wolf_2.jpg,841,623.5,wolf_2,wolf,2,animals
p046,2,3,acorn_1.jpg,272,175.5,acorn_1,acorn,1,plants
p046,2,3,flower_1.jpg,1165,300.5,flower_1,flower,1,plants
p046,2,3,cactus_1.jpg,531.5,665,cactus_1,cactus,1,plants
p046,2,3,apple_1.jpg,918,182.5,apple_1,apple,1,plants
p046,2,3,leaf_1.jpg,952,630,leaf_1,leaf,1,plants
p046,2,3,broccoli_1.jpg,677.5,182,broccoli_1,broccoli,1,plants
p046,2,3,peanut_1.jpg,796,198.5,peanut_1,peanut,1,plants
p046,2,3,tree_1.jpg,320,606.5,tree_1,tree,1,plants
p046,2,3,cherry_1.jpg,556,202,cherry_1,cherry,1,plants
p046,2,3,blueberry_1.jpg,1060.5,181,blueberry_1,blueberry,1,plants
p046,2,3,grass_1.jpg,325,419.5,grass_1,grass,1,plants
p046,2,3,cabbage_1.jpg,455,197,cabbage_1,cabbage,1,plants
p046,2,4,apple_2.jpg,316.5,224.5,apple_2,apple,2,plants
p046,2,4,tree_2.jpg,510.5,522,tree_2,tree,2,plants
p046,2,4,broccoli_2.jpg,470,227.5,broccoli_2,broccoli,2,plants
p046,2,4,flower_2.jpg,653,546,flower_2,flower,2,plants
p046,2,4,blueberry_2.jpg,623.5,240,blueberry_2,blueberry,2,plants
p046,2,4,acorn_2.jpg,798.5,541.5,acorn_2,acorn,2,plants
p046,2,4,cactus_2.jpg,959.5,553,cactus_2,cactus,2,plants
p046,2,4,peanut_2.jpg,959.5,285.5,peanut_2,peanut,2,plants
p046,2,4,cherry_2.jpg,772.5,244.5,cherry_2,cherry,2,plants
p046,2,4,leaf_2.jpg,1041.5,133.5,leaf_2,leaf,2,plants
p046,2,4,grass_2.jpg,1165,171.5,grass_2,grass,2,plants
p046,2,4,cabbage_2.jpg,877,259,cabbage_2,cabbage,2,plants
p046,3,5,sad_2.jpg,349,303.5,sad_2,sad,2,emotions
p046,3,5,happy_2.jpg,284,560.5,happy_2,happy,2,emotions
p046,3,5,happy_1.jpg,736.5,354.5,happy_1,happy,1,emotions
p046,3,5,sad_1.jpg,1104.5,235.5,sad_1,sad,1,emotions
p046,3,5,surprise_2.jpg,1045,571.5,surprise_2,surprise,2,emotions
p046,3,5,angry_1.jpg,716.5,617,angry_1,angry,1,emotions
p046,3,5,fearful_2.jpg,611,190.5,fearful_2,fearful,2,emotions
p046,3,5,fearful_1.jpg,548,425.5,fearful_1,fearful,1,emotions
p046,3,5,disgust_1.jpg,878.5,164.5,disgust_1,disgust,1,emotions
p046,3,5,disgust_2.jpg,503,638.5,disgust_2,disgust,2,emotions
p046,3,5,angry_2.jpg,481.5,325,angry_2,angry,2,emotions
p046,3,5,surprise_1.jpg,927,558,surprise_1,surprise,1,emotions
p046,3,6,disgust_4.jpg,412.5,319.5,disgust_4,disgust,4,emotions
p046,3,6,disgust_3.jpg,372,569.5,disgust_3,disgust,3,emotions
p046,3,6,fearful_3.jpg,369,181.5,fearful_3,fearful,3,emotions
p046,3,6,angry_4.jpg,500.5,570,angry_4,angry,4,emotions
p046,3,6,sad_3.jpg,873.5,598,sad_3,sad,3,emotions
p046,3,6,sad_4.jpg,980,586,sad_4,sad,4,emotions
p046,3,6,surprise_4.jpg,962,311.5,surprise_4,surprise,4,emotions
p046,3,6,angry_3.jpg,623.5,568,angry_3,angry,3,emotions
p046,3,6,happy_3.jpg,537.5,303,happy_3,happy,3,emotions
p046,3,6,happy_4.jpg,657,305,happy_4,happy,4,emotions
p046,3,6,fearful_4.jpg,234.5,206,fearful_4,fearful,4,emotions
p046,3,6,surprise_3.jpg,1076.5,299.5,surprise_3,surprise,3,emotions
p047,1,1,fearful_2.jpg,215,639.5,fearful_2,fearful,2,emotions
p047,1,1,surprise_1.jpg,234,136,surprise_1,surprise,1,emotions
p047,1,1,angry_2.jpg,734.5,212.5,angry_2,angry,2,emotions
p047,1,1,happy_1.jpg,1165,133,happy_1,happy,1,emotions
p047,1,1,sad_2.jpg,1124,664.5,sad_2,sad,2,emotions
p047,1,1,sad_1.jpg,510.5,430,sad_1,sad,1,emotions
p047,1,1,surprise_2.jpg,899.5,428,surprise_2,surprise,2,emotions
p047,1,1,disgust_1.jpg,654.5,667,disgust_1,disgust,1,emotions
p047,1,1,fearful_1.jpg,460.5,295,fearful_1,fearful,1,emotions
p047,1,1,disgust_2.jpg,566,569,disgust_2,disgust,2,emotions
p047,1,1,happy_2.jpg,215,296.5,happy_2,happy,2,emotions
p047,1,1,angry_1.jpg,1073,372.5,angry_1,angry,1,emotions
p047,1,2,disgust_3.jpg,683,362.5,disgust_3,disgust,3,emotions
p047,1,2,fearful_3.jpg,247,654,fearful_3,fearful,3,emotions
p047,1,2,surprise_4.jpg,265,133,surprise_4,surprise,4,emotions
p047,1,2,fearful_4.jpg,965.5,201.5,fearful_4,fearful,4,emotions
p047,1,2,angry_3.jpg,1011.5,553,angry_3,angry,3,emotions
p047,1,2,disgust_4.jpg,656,554.5,disgust_4,disgust,4,emotions
p047,1,2,happy_4.jpg,635,195.5,happy_4,happy,4,emotions
p047,1,2,surprise_3.jpg,400,488,surprise_3,surprise,3,emotions
p047,1,2,happy_3.jpg,395,282,happy_3,happy,3,emotions
p047,1,2,angry_4.jpg,1113.5,342,angry_4,angry,4,emotions
p047,1,2,sad_3.jpg,890.5,389,sad_3,sad,3,emotions
p047,1,2,sad_4.jpg,831.5,216.5,sad_4,sad,4,emotions
p047,2,3,peacock_1.jpg,250.5,635.5,peacock_1,peacock,1,animals
p047,2,3,ladybug_1.jpg,426,630,ladybug_1,ladybug,1,animals
p047,2,3,pigeon_1.jpg,656.5,204,pigeon_1,pigeon,1,animals
p047,2,3,horse_1.jpg,1038,214.5,horse_1,horse,1,animals
p047,2,3,wolf_1.jpg,818.5,495,wolf_1,wolf,1,animals
p047,2,3,lion_1.jpg,654.5,488.5,lion_1,lion,1,animals
p047,2,3,butterfly_1.jpg,599,645,butterfly_1,butterfly,1,animals
p047,2,3,squirrel_1.jpg,394.5,352.5,squirrel_1,squirrel,1,animals
p047,2,3,fish_1.jpg,434.5,179.5,fish_1,fish,1,animals
p047,2,3,sheep_1.jpg,1094.5,602,sheep_1,sheep,1,animals
p047,2,3,dolphin_1.jpg,1061.5,403.5,dolphin_1,dolphin,1,animals
p047,2,3,fox_1.jpg,857,324.5,fox_1,fox,1,animals
p047,2,4,sheep_2.jpg,273.5,629.5,sheep_2,sheep,2,animals
p047,2,4,peacock_2.jpg,391,239.5,peacock_2,peacock,2,animals
p047,2,4,squirrel_2.jpg,758.5,460,squirrel_2,squirrel,2,animals
p047,2,4,fish_2.jpg,1131,217.5,fish_2,fish,2,animals
p047,2,4,fox_2.jpg,1122,599,fox_2,fox,2,animals
p047,2,4,horse_2.jpg,953,182.5,horse_2,horse,2,animals
p047,2,4,ladybug_2.jpg,721,252.5,ladybug_2,ladybug,2,animals
p047,2,4,dolphin_2.jpg,473,468,dolphin_2,dolphin,2,animals
p047,2,4,butterfly_2.jpg,612.5,621.5,butterfly_2,butterfly,2,animals
p047,2,4,lion_2.jpg,955.5,584.5,lion_2,lion,2,animals
p047,2,4,pigeon_2.jpg,1115,397.5,pigeon_2,pigeon,2,animals
p047,2,4,wolf_2.jpg,801,605.5,wolf_2,wolf,2,animals
p047,3,5,broccoli_1.jpg,253,631.5,broccoli_1,broccoli,1,plants
p047,3,5,grass_1.jpg,404.5,602,grass_1,grass,1,plants
p047,3,5,blueberry_1.jpg,376.5,138,blueberry_1,blueberry,1,plants
p047,3,5,leaf_1.jpg,620,627,leaf_1,leaf,1,plants
p047,3,5,tree_1.jpg,1030.5,258,tree_1,tree,1,plants
p047,3,5,acorn_1.jpg,1074,667,acorn_1,acorn,1,plants
p047,3,5,apple_1.jpg,746.5,213.5,apple_1,apple,1,plants
p047,3,5,flower_1.jpg,987,463.5,flower_1,flower,1,plants
p047,3,5,cactus_1.jpg,539,461.5,cactus_1,cactus,1,plants
p047,3,5,peanut_1.jpg,259.5,455.5,peanut_1,peanut,1,plants
p047,3,5,cherry_1.jpg,566.5,266.5,cherry_1,cherry,1,plants
p047,3,5,cabbage_1.jpg,367,308.5,cabbage_1,cabbage,1,plants
p047,3,6,cabbage_2.jpg,398,583.5,cabbage_2,cabbage,2,plants
p047,3,6,blueberry_2.jpg,615.5,192,blueberry_2,blueberry,2,plants
p047,3,6,tree_2.jpg,930,494,tree_2,tree,2,plants
p047,3,6,apple_2.jpg,945,247,apple_2,apple,2,plants
p047,3,6,peanut_2.jpg,1165,191,peanut_2,peanut,2,plants
p047,3,6,cactus_2.jpg,792.5,492,cactus_2,cactus,2,plants
p047,3,6,leaf_2.jpg,569.5,571.5,leaf_2,leaf,2,plants
p047,3,6,flower_2.jpg,355,351,flower_2,flower,2,plants
p047,3,6,broccoli_2.jpg,307,172,broccoli_2,broccoli,2,plants
p047,3,6,cherry_2.jpg,262,642.5,cherry_2,cherry,2,plants
p047,3,6,acorn_2.jpg,593,404.5,acorn_2,acorn,2,plants
p047,3,6,grass_2.jpg,797,315,grass_2,grass,2,plants
p048,1,1,fearful_2.jpg,544.5,223,fearful_2,fearful,2,emotions
p048,1,1,surprise_2.jpg,747.5,474.5,surprise_2,surprise,2,emotions
p048,1,1,angry_1.jpg,933,209.5,angry_1,angry,1,emotions
p048,1,1,surprise_1.jpg,662.5,492.5,surprise_1,surprise,1,emotions
p048,1,1,disgust_1.jpg,764.5,235,disgust_1,disgust,1,emotions
p048,1,1,sad_1.jpg,372.5,242,sad_1,sad,1,emotions
p048,1,1,disgust_2.jpg,688,238.5,disgust_2,disgust,2,emotions
p048,1,1,sad_2.jpg,304,272.5,sad_2,sad,2,emotions
p048,1,1,happy_1.jpg,1047,627,happy_1,happy,1,emotions
p048,1,1,fearful_1.jpg,542.5,304.5,fearful_1,fearful,1,emotions
p048,1,1,angry_2.jpg,978.5,222.5,angry_2,angry,2,emotions
p048,1,1,happy_2.jpg,971,636,happy_2,happy,2,emotions
p048,1,2,happy_4.jpg,724.5,277.5,happy_4,happy,4,emotions
p048,1,2,angry_3.jpg,465.5,562.5,angry_3,angry,3,emotions
p048,1,2,surprise_4.jpg,889,490,surprise_4,surprise,4,emotions
p048,1,2,fearful_3.jpg,319.5,187,fearful_3,fearful,3,emotions
p048,1,2,sad_4.jpg,1017,201,sad_4,sad,4,emotions
p048,1,2,disgust_4.jpg,1122,638,disgust_4,disgust,4,emotions
p048,1,2,sad_3.jpg,392,386.5,sad_3,sad,3,emotions
p048,1,2,happy_3.jpg,804,281.5,happy_3,happy,3,emotions
p048,1,2,disgust_3.jpg,642,148.5,disgust_3,disgust,3,emotions
p048,1,2,surprise_3.jpg,837.5,495,surprise_3,surprise,3,emotions
p048,1,2,angry_4.jpg,514.5,563.5,angry_4,angry,4,emotions
p048,1,2,fearful_4.jpg,356.5,184,fearful_4,fearful,4,emotions
p048,2,3,broccoli_1.jpg,301.5,202,broccoli_1,broccoli,1,plants
p048,2,3,flower_1.jpg,639.5,463.5,flower_1,flower,1,plants
p048,2,3,cactus_1.jpg,1126.5,621,cactus_1,cactus,1,plants
p048,2,3,peanut_1.jpg,455,205.5,peanut_1,peanut,1,plants
p048,2,3,apple_1.jpg,614.5,202.5,apple_1,apple,1,plants
p048,2,3,cherry_1.jpg,818.5,208.5,cherry_1,cherry,1,plants
p048,2,3,blueberry_1.jpg,1011,212.5,blueberry_1,blueberry,1,plants
p048,2,3,cabbage_1.jpg,291,277,cabbage_1,cabbage,1,plants
p048,2,3,leaf_1.jpg,289,511,leaf_1,leaf,1,plants
p048,2,3,acorn_1.jpg,1100.5,428,acorn_1,acorn,1,plants
p048,2,3,grass_1.jpg,861,616,grass_1,grass,1,plants
p048,2,3,tree_1.jpg,821,625.5,tree_1,tree,1,plants
p048,2,4,cactus_2.jpg,1082,618,cactus_2,cactus,2,plants
p048,2,4,acorn_2.jpg,595,341.5,acorn_2,acorn,2,plants
p048,2,4,peanut_2.jpg,496.5,360,peanut_2,peanut,2,plants
p048,2,4,cherry_2.jpg,274.5,188.5,cherry_2,cherry,2,plants
p048,2,4,grass_2.jpg,681,619.5,grass_2,grass,2,plants
p048,2,4,broccoli_2.jpg,476.5,188.5,broccoli_2,broccoli,2,plants
p048,2,4,flower_2.jpg,1064,350.5,flower_2,flower,2,plants
p048,2,4,leaf_2.jpg,567.5,659,leaf_2,leaf,2,plants
p048,2,4,tree_2.jpg,868,586.5,tree_2,tree,2,plants
p048,2,4,apple_2.jpg,657,184,apple_2,apple,2,plants
p048,2,4,cabbage_2.jpg,817,188,cabbage_2,cabbage,2,plants
p048,2,4,blueberry_2.jpg,967.5,190.5,blueberry_2,blueberry,2,plants
p048,3,5,butterfly_1.jpg,412,233,butterfly_1,butterfly,1,animals
p048,3,5,squirrel_1.jpg,606.5,263.5,squirrel_1,squirrel,1,animals
p048,3,5,wolf_1.jpg,1123,165,wolf_1,wolf,1,animals
p048,3,5,fish_1.jpg,507,254,fish_1,fish,1,animals
p048,3,5,peacock_1.jpg,422.5,335.5,peacock_1,peacock,1,animals
p048,3,5,lion_1.jpg,1022.5,201,lion_1,lion,1,animals
p048,3,5,sheep_1.jpg,550.5,358,sheep_1,sheep,1,animals
p048,3,5,pigeon_1.jpg,661,367,pigeon_1,pigeon,1,animals
p048,3,5,horse_1.jpg,433.5,439.5,horse_1,horse,1,animals
p048,3,5,fox_1.jpg,1100,272.5,fox_1,fox,1,animals
p048,3,5,dolphin_1.jpg,553.5,461.5,dolphin_1,dolphin,1,animals
p048,3,5,ladybug_1.jpg,652.5,467.5,ladybug_1,ladybug,1,animals
p048,3,6,horse_2.jpg,545,313.5,horse_2,horse,2,animals
p048,3,6,squirrel_2.jpg,671.5,337.5,squirrel_2,squirrel,2,animals
p048,3,6,fish_2.jpg,551.5,439,fish_2,fish,2,animals
p048,3,6,wolf_2.jpg,1104,198.5,wolf_2,wolf,2,animals
p048,3,6,lion_2.jpg,1063.5,292.5,lion_2,lion,2,animals
p048,3,6,ladybug_2.jpg,655.5,436.5,ladybug_2,ladybug,2,animals
p048,3,6,butterfly_2.jpg,601.5,550,butterfly_2,butterfly,2,animals
p048,3,6,fox_2.jpg,1117,334,fox_2,fox,2,animals
p048,3,6,pigeon_2.jpg,757.5,559,pigeon_2,pigeon,2,animals
p048,3,6,dolphin_2.jpg,421.5,487,dolphin_2,dolphin,2,animals
p048,3,6,sheep_2.jpg,410.5,366,sheep_2,sheep,2,animals
p048,3,6,peacock_2.jpg,486,611,peacock_2,peacock,2,animals
p049,1,1,grass_1.jpg,506.5,541.5,grass_1,grass,1,plants
p049,1,1,broccoli_1.jpg,757.5,289.5,broccoli_1,broccoli,1,plants
p049,1,1,blueberry_1.jpg,719.5,346.5,blueberry_1,blueberry,1,plants
p049,1,1,leaf_1.jpg,438,603,leaf_1,leaf,1,plants
p049,1,1,flower_1.jpg,438.5,545.5,flower_1,flower,1,plants
p049,1,1,cabbage_1.jpg,685.5,264.5,cabbage_1,cabbage,1,plants
p049,1,1,tree_1.jpg,508.5,612,tree_1,tree,1,plants
p049,1,1,cherry_1.jpg,624.5,364,cherry_1,cherry,1,plants
p049,1,1,peanut_1.jpg,670.5,325,peanut_1,peanut,1,plants
p049,1,1,apple_1.jpg,595,262,apple_1,apple,1,plants
p049,1,1,cactus_1.jpg,335,574,cactus_1,cactus,1,plants
p049,1,1,acorn_1.jpg,571,341.5,acorn_1,acorn,1,plants
p049,1,2,broccoli_2.jpg,1114.5,667,broccoli_2,broccoli,2,plants
p049,1,2,cabbage_2.jpg,1059,616.5,cabbage_2,cabbage,2,plants
p049,1,2,cactus_2.jpg,380,572.5,cactus_2,cactus,2,plants
p049,1,2,flower_2.jpg,306,597,flower_2,flower,2,plants
p049,1,2,tree_2.jpg,298,500,tree_2,tree,2,plants
p049,1,2,apple_2.jpg,1022.5,667,apple_2,apple,2,plants
p049,1,2,peanut_2.jpg,970,622,peanut_2,peanut,2,plants
p049,1,2,leaf_2.jpg,402.5,487.5,leaf_2,leaf,2,plants
p049,1,2,blueberry_2.jpg,973.5,667,blueberry_2,blueberry,2,plants
p049,1,2,grass_2.jpg,326,422,grass_2,grass,2,plants
p049,1,2,cherry_2.jpg,952,583,cherry_2,cherry,2,plants
p049,1,2,acorn_2.jpg,923.5,667,acorn_2,acorn,2,plants
p049,2,3,pigeon_1.jpg,534.5,542.5,pigeon_1,pigeon,1,animals
p049,2,3,ladybug_1.jpg,832.5,277,ladybug_1,ladybug,1,animals
p049,2,3,squirrel_1.jpg,446.5,603,squirrel_1,squirrel,1,animals
p049,2,3,fox_1.jpg,430,538,fox_1,fox,1,animals
p049,2,3,peacock_1.jpg,362,599.5,peacock_1,peacock,1,animals
p049,2,3,fish_1.jpg,1094,532,fish_1,fish,1,animals
p049,2,3,horse_1.jpg,319.5,548,horse_1,horse,1,animals
p049,2,3,dolphin_1.jpg,1082.5,611,dolphin_1,dolphin,1,animals
p049,2,3,sheep_1.jpg,563.5,633,sheep_1,sheep,1,animals
p049,2,3,wolf_1.jpg,436,486.5,wolf_1,wolf,1,animals
p049,2,3,lion_1.jpg,298.5,568,lion_1,lion,1,animals
p049,2,3,butterfly_1.jpg,899.5,305.5,butterfly_1,butterfly,1,animals
p049,2,4,horse_2.jpg,252,627.5,horse_2,horse,2,animals
p049,2,4,fish_2.jpg,1144.5,620.5,fish_2,fish,2,animals
p049,2,4,lion_2.jpg,361,606.5,lion_2,lion,2,animals
p049,2,4,fox_2.jpg,269,551.5,fox_2,fox,2,animals
p049,2,4,butterfly_2.jpg,1124.5,167,butterfly_2,butterfly,2,animals
p049,2,4,sheep_2.jpg,372.5,562.5,sheep_2,sheep,2,animals
p049,2,4,dolphin_2.jpg,1062.5,629.5,dolphin_2,dolphin,2,animals
p049,2,4,pigeon_2.jpg,404,513.5,pigeon_2,pigeon,2,animals
p049,2,4,ladybug_2.jpg,1101,165.5,ladybug_2,ladybug,2,animals
p049,2,4,wolf_2.jpg,285.5,507,wolf_2,wolf,2,animals
p049,2,4,squirrel_2.jpg,442.5,417.5,squirrel_2,squirrel,2,animals
p049,2,4,peacock_2.jpg,299,411,peacock_2,peacock,2,animals
p049,3,5,disgust_1.jpg,733.5,413,disgust_1,disgust,1,emotions
p049,3,5,sad_1.jpg,363.5,584,sad_1,sad,1,emotions
p049,3,5,happy_1.jpg,1112.5,643,happy_1,happy,1,emotions
p049,3,5,fearful_1.jpg,275,156,fearful_1,fearful,1,emotions
p049,3,5,angry_1.jpg,1036.5,200,angry_1,angry,1,emotions
p049,3,5,surprise_2.jpg,556,147.5,surprise_2,surprise,2,emotions
p049,3,5,sad_2.jpg,427.5,591,sad_2,sad,2,emotions
p049,3,5,happy_2.jpg,1050,656,happy_2,happy,2,emotions
p049,3,5,surprise_1.jpg,636.5,147,surprise_1,surprise,1,emotions
p049,3,5,disgust_2.jpg,645.5,401,disgust_2,disgust,2,emotions
p049,3,5,fearful_2.jpg,225,217.5,fearful_2,fearful,2,emotions
p049,3,5,angry_2.jpg,973,191,angry_2,angry,2,emotions
p049,3,6,happy_3.jpg,1142.5,146.5,happy_3,happy,3,emotions
p049,3,6,fearful_3.jpg,270,609.5,fearful_3,fearful,3,emotions
p049,3,6,sad_3.jpg,271,160,sad_3,sad,3,emotions
p049,3,6,disgust_4.jpg,705.5,411.5,disgust_4,disgust,4,emotions
p049,3,6,happy_4.jpg,1100,149,happy_4,happy,4,emotions
p049,3,6,angry_3.jpg,1130,630.5,angry_3,angry,3,emotions
p049,3,6,surprise_3.jpg,685,133,surprise_3,surprise,3,emotions
p049,3,6,angry_4.jpg,1045,620.5,angry_4,angry,4,emotions
p049,3,6,disgust_3.jpg,616,444.5,disgust_3,disgust,3,emotions
p049,3,6,fearful_4.jpg,324.5,581,fearful_4,fearful,4,emotions
p049,3,6,surprise_4.jpg,774.5,135,surprise_4,surprise,4,emotions
p049,3,6,sad_4.jpg,328.5,168,sad_4,sad,4,emotions
p050,1,1,leaf_1.jpg,303.5,208,leaf_1,leaf,1,plants
p050,1,1,apple_1.jpg,552.5,225,apple_1,apple,1,plants
p050,1,1,flower_1.jpg,371.5,342,flower_1,flower,1,plants
p050,1,1,tree_1.jpg,439,143,tree_1,tree,1,plants
p050,1,1,broccoli_1.jpg,525.5,370,broccoli_1,broccoli,1,plants
p050,1,1,cherry_1.jpg,686,232,cherry_1,cherry,1,plants
p050,1,1,cabbage_1.jpg,228.5,292,cabbage_1,cabbage,1,plants
p050,1,1,grass_1.jpg,297,419.5,grass_1,grass,1,plants
p050,1,1,peanut_1.jpg,864.5,438,peanut_1,peanut,1,plants
p050,1,1,blueberry_1.jpg,863,184,blueberry_1,blueberry,1,plants
p050,1,1,acorn_1.jpg,670.5,133,acorn_1,acorn,1,plants
p050,1,1,cactus_1.jpg,215,133,cactus_1,cactus,1,plants
p050,1,2,flower_2.jpg,277,188,flower_2,flower,2,plants
p050,1,2,peanut_2.jpg,880.5,435,peanut_2,peanut,2,plants
p050,1,2,tree_2.jpg,463,170,tree_2,tree,2,plants
p050,1,2,blueberry_2.jpg,740,261,blueberry_2,blueberry,2,plants
p050,1,2,cherry_2.jpg,884,270,cherry_2,cherry,2,plants
p050,1,2,grass_2.jpg,299,234.5,grass_2,grass,2,plants
p050,1,2,cactus_2.jpg,387,321.5,cactus_2,cactus,2,plants
p050,1,2,leaf_2.jpg,372.5,172,leaf_2,leaf,2,plants
p050,1,2,apple_2.jpg,650.5,267,apple_2,apple,2,plants
p050,1,2,acorn_2.jpg,547,133,acorn_2,acorn,2,plants
p050,1,2,broccoli_2.jpg,570.5,490,broccoli_2,broccoli,2,plants
p050,1,2,cabbage_2.jpg,215,328.5,cabbage_2,cabbage,2,plants
p050,2,3,angry_1.jpg,297,182.5,angry_1,angry,1,emotions
p050,2,3,surprise_1.jpg,323,566.5,surprise_1,surprise,1,emotions
p050,2,3,disgust_1.jpg,433,186,disgust_1,disgust,1,emotions
p050,2,3,happy_1.jpg,588.5,408.5,happy_1,happy,1,emotions
p050,2,3,fearful_1.jpg,1115.5,187.5,fearful_1,fearful,1,emotions
p050,2,3,angry_2.jpg,540,194.5,angry_2,angry,2,emotions
p050,2,3,surprise_2.jpg,428,584.5,surprise_2,surprise,2,emotions
p050,2,3,disgust_2.jpg,860.5,383.5,disgust_2,disgust,2,emotions
p050,2,3,sad_1.jpg,768,613.5,sad_1,sad,1,emotions
p050,2,3,fearful_2.jpg,978.5,186,fearful_2,fearful,2,emotions
p050,2,3,sad_2.jpg,1024.5,591.5,sad_2,sad,2,emotions
p050,2,3,happy_2.jpg,488.5,403,happy_2,happy,2,emotions
p050,2,4,disgust_4.jpg,324,578.5,disgust_4,disgust,4,emotions
p050,2,4,angry_3.jpg,1021,170,angry_3,angry,3,emotions
p050,2,4,angry_4.jpg,926.5,174.5,angry_4,angry,4,emotions
p050,2,4,sad_3.jpg,664,510,sad_3,sad,3,emotions
p050,2,4,surprise_4.jpg,272,171.5,surprise_4,surprise,4,emotions
p050,2,4,surprise_3.jpg,369.5,164,surprise_3,surprise,3,emotions
p050,2,4,fearful_4.jpg,657.5,307.5,fearful_4,fearful,4,emotions
p050,2,4,happy_3.jpg,278.5,384.5,happy_3,happy,3,emotions
p050,2,4,sad_4.jpg,780.5,528,sad_4,sad,4,emotions
p050,2,4,fearful_3.jpg,760,321,fearful_3,fearful,3,emotions
p050,2,4,happy_4.jpg,401,376,happy_4,happy,4,emotions
p050,2,4,disgust_3.jpg,428.5,596,disgust_3,disgust,3,emotions
p050,3,5,ladybug_1.jpg,290,199,ladybug_1,ladybug,1,animals
p050,3,5,wolf_1.jpg,671.5,195,wolf_1,wolf,1,animals
p050,3,5,sheep_1.jpg,248.5,373.5,sheep_1,sheep,1,animals
p050,3,5,fox_1.jpg,379,381,fox_1,fox,1,animals
p050,3,5,dolphin_1.jpg,751,618,dolphin_1,dolphin,1,animals
p050,3,5,pigeon_1.jpg,1124,183,pigeon_1,pigeon,1,animals
p050,3,5,lion_1.jpg,679.5,395,lion_1,lion,1,animals
p050,3,5,fish_1.jpg,600.5,627,fish_1,fish,1,animals
p050,3,5,butterfly_1.jpg,1126,343,butterfly_1,butterfly,1,animals
p050,3,5,squirrel_1.jpg,449,266.5,squirrel_1,squirrel,1,animals
p050,3,5,horse_1.jpg,885,384.5,horse_1,horse,1,animals
p050,3,5,peacock_1.jpg,240,648.5,peacock_1,peacock,1,animals
p050,3,6,pigeon_2.jpg,599.5,407,pigeon_2,pigeon,2,animals
p050,3,6,horse_2.jpg,281,191.5,horse_2,horse,2,animals
p050,3,6,squirrel_2.jpg,225,666,squirrel_2,squirrel,2,animals
p050,3,6,peacock_2.jpg,896,243,peacock_2,peacock,2,animals
p050,3,6,butterfly_2.jpg,848.5,435,butterfly_2,butterfly,2,animals
p050,3,6,wolf_2.jpg,574,160.5,wolf_2,wolf,2,animals
p050,3,6,dolphin_2.jpg,1135,642,dolphin_2,dolphin,2,animals
p050,3,6,ladybug_2.jpg,248,507,ladybug_2,ladybug,2,animals
p050,3,6,lion_2.jpg,244.5,350.5,lion_2,lion,2,animals
p050,3,6,fox_2.jpg,564,582.5,fox_2,fox,2,animals
p050,3,6,sheep_2.jpg,466.5,603,sheep_2,sheep,2,animals
p050,3,6,fish_2.jpg,1001,611.5,fish_2,fish,2,animals
p051,1,1,squirrel_2.jpg,579,212,squirrel_2,squirrel,2,animals
p051,1,1,horse_2.jpg,1057,418.5,horse_2,horse,2,animals
p051,1,1,ladybug_2.jpg,973.5,667,ladybug_2,ladybug,2,animals
p051,1,1,fish_2.jpg,585.5,603.5,fish_2,fish,2,animals
p051,1,1,butterfly_2.jpg,1074.5,667,butterfly_2,butterfly,2,animals
p051,1,1,fox_2.jpg,832,337.5,fox_2,fox,2,animals
p051,1,1,dolphin_2.jpg,503,612,dolphin_2,dolphin,2,animals
p051,1,1,lion_2.jpg,831,474.5,lion_2,lion,2,animals
p051,1,1,wolf_2.jpg,822.5,584.5,wolf_2,wolf,2,animals
p051,1,1,pigeon_2.jpg,255.5,173,pigeon_2,pigeon,2,animals
p051,1,1,sheep_2.jpg,1052.5,512.5,sheep_2,sheep,2,animals
p051,1,1,peacock_2.jpg,893.5,166.5,peacock_2,peacock,2,animals
p051,1,2,fish_1.jpg,286,427.5,fish_1,fish,1,animals
p051,1,2,squirrel_1.jpg,1054.5,213.5,squirrel_1,squirrel,1,animals
p051,1,2,peacock_1.jpg,764.5,566.5,peacock_1,peacock,1,animals
p051,1,2,fox_1.jpg,421,192,fox_1,fox,1,animals
p051,1,2,lion_1.jpg,693.5,215.5,lion_1,lion,1,animals
p051,1,2,wolf_1.jpg,251.5,201.5,wolf_1,wolf,1,animals
p051,1,2,butterfly_1.jpg,516.5,457.5,butterfly_1,butterfly,1,animals
p051,1,2,dolphin_1.jpg,282,519,dolphin_1,dolphin,1,animals
p051,1,2,ladybug_1.jpg,510.5,540.5,ladybug_1,ladybug,1,animals
p051,1,2,horse_1.jpg,927,415.5,horse_1,horse,1,animals
p051,1,2,sheep_1.jpg,1062.5,411,sheep_1,sheep,1,animals
p051,1,2,pigeon_1.jpg,890,607,pigeon_1,pigeon,1,animals
p051,2,3,surprise_4.jpg,266.5,338.5,surprise_4,surprise,4,emotions
p051,2,3,angry_4.jpg,1016.5,577,angry_4,angry,4,emotions
p051,2,3,happy_3.jpg,382.5,176,happy_3,happy,3,emotions
p051,2,3,sad_3.jpg,791,578.5,sad_3,sad,3,emotions
p051,2,3,angry_3.jpg,1126.5,611,angry_3,angry,3,emotions
p051,2,3,disgust_3.jpg,960,353,disgust_3,disgust,3,emotions
p051,2,3,sad_4.jpg,697,591,sad_4,sad,4,emotions
p051,2,3,disgust_4.jpg,819,356.5,disgust_4,disgust,4,emotions
p051,2,3,fearful_4.jpg,271.5,575.5,fearful_4,fearful,4,emotions
p051,2,3,fearful_3.jpg,387,583,fearful_3,fearful,3,emotions
p051,2,3,surprise_3.jpg,371.5,360.5,surprise_3,surprise,3,emotions
p051,2,3,happy_4.jpg,492,190,happy_4,happy,4,emotions
p051,2,4,disgust_1.jpg,283.5,405.5,disgust_1,disgust,1,emotions
p051,2,4,happy_1.jpg,679.5,196,happy_1,happy,1,emotions
p051,2,4,angry_2.jpg,435.5,417.5,angry_2,angry,2,emotions
p051,2,4,sad_2.jpg,856,598,sad_2,sad,2,emotions
p051,2,4,disgust_2.jpg,289.5,283.5,disgust_2,disgust,2,emotions
p051,2,4,happy_2.jpg,770.5,194.5,happy_2,happy,2,emotions
p051,2,4,surprise_2.jpg,971,405.5,surprise_2,surprise,2,emotions
p051,2,4,fearful_1.jpg,259,613.5,fearful_1,fearful,1,emotions
p051,2,4,angry_1.jpg,627,402,angry_1,angry,1,emotions
p051,2,4,fearful_2.jpg,366.5,609.5,fearful_2,fearful,2,emotions
p051,2,4,sad_1.jpg,243,133,sad_1,sad,1,emotions
p051,2,4,surprise_1.jpg,1065.5,407,surprise_1,surprise,1,emotions
p051,3,5,cabbage_2.jpg,241,391,cabbage_2,cabbage,2,plants
p051,3,5,apple_2.jpg,325.5,214,apple_2,apple,2,plants
p051,3,5,flower_2.jpg,1036.5,217,flower_2,flower,2,plants
p051,3,5,tree_2.jpg,692,633.5,tree_2,tree,2,plants
p051,3,5,blueberry_2.jpg,450,222,blueberry_2,blueberry,2,plants
p051,3,5,leaf_2.jpg,575.5,631.5,leaf_2,leaf,2,plants
p051,3,5,grass_2.jpg,486.5,648,grass_2,grass,2,plants
p051,3,5,broccoli_2.jpg,480,419.5,broccoli_2,broccoli,2,plants
p051,3,5,acorn_2.jpg,879,450.5,acorn_2,acorn,2,plants
p051,3,5,cactus_2.jpg,672.5,157,cactus_2,cactus,2,plants
p051,3,5,peanut_2.jpg,973.5,444.5,peanut_2,peanut,2,plants
p051,3,5,cherry_2.jpg,389.5,133,cherry_2,cherry,2,plants
p051,3,6,broccoli_1.jpg,266,382,broccoli_1,broccoli,1,plants
p051,3,6,leaf_1.jpg,695.5,640.5,leaf_1,leaf,1,plants
p051,3,6,peanut_1.jpg,634.5,242,peanut_1,peanut,1,plants
p051,3,6,cactus_1.jpg,495,463.5,cactus_1,cactus,1,plants
p051,3,6,cherry_1.jpg,963,386.5,cherry_1,cherry,1,plants
p051,3,6,apple_1.jpg,858.5,413,apple_1,apple,1,plants
p051,3,6,cabbage_1.jpg,386.5,280.5,cabbage_1,cabbage,1,plants
p051,3,6,acorn_1.jpg,723.5,207.5,acorn_1,acorn,1,plants
p051,3,6,flower_1.jpg,396,601.5,flower_1,flower,1,plants
p051,3,6,blueberry_1.jpg,1087,400.5,blueberry_1,blueberry,1,plants
p051,3,6,grass_1.jpg,819,666,grass_1,grass,1,plants
p051,3,6,tree_1.jpg,1056,641,tree_1,tree,1,plants
p052,1,1,horse_2.jpg,416,169,horse_2,horse,2,animals
p052,1,1,lion_2.jpg,512.5,354,lion_2,lion,2,animals
p052,1,1,pigeon_2.jpg,268,577.5,pigeon_2,pigeon,2,animals
p052,1,1,wolf_2.jpg,606,374,wolf_2,wolf,2,animals
p052,1,1,fox_2.jpg,710.5,374.5,fox_2,fox,2,animals
p052,1,1,dolphin_2.jpg,1061,623,dolphin_2,dolphin,2,animals
p052,1,1,ladybug_2.jpg,949,190,ladybug_2,ladybug,2,animals
p052,1,1,squirrel_2.jpg,276.5,485.5,squirrel_2,squirrel,2,animals
p052,1,1,fish_2.jpg,967,601,fish_2,fish,2,animals
p052,1,1,peacock_2.jpg,352.5,549.5,peacock_2,peacock,2,animals
p052,1,1,sheep_2.jpg,322.5,219.5,sheep_2,sheep,2,animals
p052,1,1,butterfly_2.jpg,935,268.5,butterfly_2,butterfly,2,animals
p052,1,2,butterfly_1.jpg,215,187,butterfly_1,butterfly,1,animals
p052,1,2,fox_1.jpg,541,455,fox_1,fox,1,animals
p052,1,2,lion_1.jpg,467,466.5,lion_1,lion,1,animals
p052,1,2,wolf_1.jpg,641,440.5,wolf_1,wolf,1,animals
p052,1,2,fish_1.jpg,1111.5,628.5,fish_1,fish,1,animals
p052,1,2,horse_1.jpg,780,149.5,horse_1,horse,1,animals
p052,1,2,pigeon_1.jpg,227,625,pigeon_1,pigeon,1,animals
p052,1,2,sheep_1.jpg,743,139,sheep_1,sheep,1,animals
p052,1,2,dolphin_1.jpg,967.5,615,dolphin_1,dolphin,1,animals
p052,1,2,ladybug_1.jpg,279.5,189.5,ladybug_1,ladybug,1,animals
p052,1,2,peacock_1.jpg,260,632,peacock_1,peacock,1,animals
p052,1,2,squirrel_1.jpg,326,242.5,squirrel_1,squirrel,1,animals
p052,2,3,cabbage_2.jpg,245.5,206.5,cabbage_2,cabbage,2,plants
p052,2,3,broccoli_2.jpg,371.5,221,broccoli_2,broccoli,2,plants
p052,2,3,cherry_2.jpg,1005,565,cherry_2,cherry,2,plants
p052,2,3,blueberry_2.jpg,878,571.5,blueberry_2,blueberry,2,plants
p052,2,3,acorn_2.jpg,950,193.5,acorn_2,acorn,2,plants
p052,2,3,peanut_2.jpg,851.5,170.5,peanut_2,peanut,2,plants
p052,2,3,tree_2.jpg,256.5,330,tree_2,tree,2,plants
p052,2,3,cactus_2.jpg,422,356.5,cactus_2,cactus,2,plants
p052,2,3,leaf_2.jpg,502.5,178,leaf_2,leaf,2,plants
p052,2,3,apple_2.jpg,745.5,592,apple_2,apple,2,plants
p052,2,3,grass_2.jpg,329.5,454,grass_2,grass,2,plants
p052,2,3,flower_2.jpg,822,306,flower_2,flower,2,plants
p052,2,4,apple_1.jpg,999.5,599,apple_1,apple,1,plants
p052,2,4,acorn_1.jpg,874.5,225.5,acorn_1,acorn,1,plants
p052,2,4,tree_1.jpg,289.5,180.5,tree_1,tree,1,plants
p052,2,4,grass_1.jpg,261.5,304.5,grass_1,grass,1,plants
p052,2,4,leaf_1.jpg,283.5,435,leaf_1,leaf,1,plants
p052,2,4,broccoli_1.jpg,874.5,619.5,broccoli_1,broccoli,1,plants
p052,2,4,blueberry_1.jpg,737.5,643.5,blueberry_1,blueberry,1,plants
p052,2,4,cabbage_1.jpg,760,486.5,cabbage_1,cabbage,1,plants
p052,2,4,peanut_1.jpg,779,250.5,peanut_1,peanut,1,plants
p052,2,4,cactus_1.jpg,430,279,cactus_1,cactus,1,plants
p052,2,4,flower_1.jpg,377,404.5,flower_1,flower,1,plants
p052,2,4,cherry_1.jpg,667,586,cherry_1,cherry,1,plants
p052,3,5,happy_3.jpg,1104.5,578.5,happy_3,happy,3,emotions
p052,3,5,sad_3.jpg,924.5,165,sad_3,sad,3,emotions
p052,3,5,sad_4.jpg,767.5,173,sad_4,sad,4,emotions
p052,3,5,surprise_3.jpg,302.5,582,surprise_3,surprise,3,emotions
p052,3,5,disgust_3.jpg,357.5,187.5,disgust_3,disgust,3,emotions
p052,3,5,happy_4.jpg,1041.5,569,happy_4,happy,4,emotions
p052,3,5,disgust_4.jpg,443,206,disgust_4,disgust,4,emotions
p052,3,5,fearful_4.jpg,378.5,567.5,fearful_4,fearful,4,emotions
p052,3,5,angry_4.jpg,343,277,angry_4,angry,4,emotions
p052,3,5,surprise_4.jpg,385,650,surprise_4,surprise,4,emotions
p052,3,5,angry_3.jpg,477,293,angry_3,angry,3,emotions
p052,3,5,fearful_3.jpg,502,580.5,fearful_3,fearful,3,emotions
p052,3,6,surprise_1.jpg,272,616,surprise_1,surprise,1,emotions
p052,3,6,sad_1.jpg,288,180,sad_1,sad,1,emotions
p052,3,6,happy_1.jpg,1117,647.5,happy_1,happy,1,emotions
p052,3,6,surprise_2.jpg,355.5,630,surprise_2,surprise,2,emotions
p052,3,6,sad_2.jpg,267.5,241,sad_2,sad,2,emotions
p052,3,6,fearful_1.jpg,771,164.5,fearful_1,fearful,1,emotions
p052,3,6,fearful_2.jpg,734,196.5,fearful_2,fearful,2,emotions
p052,3,6,happy_2.jpg,1007.5,626.5,happy_2,happy,2,emotions
p052,3,6,angry_1.jpg,630,454.5,angry_1,angry,1,emotions
p052,3,6,angry_2.jpg,622.5,455,angry_2,angry,2,emotions
p052,3,6,disgust_1.jpg,1071,271.5,disgust_1,disgust,1,emotions
p052,3,6,disgust_2.jpg,1053,229,disgust_2,disgust,2,emotions
p053,1,1,disgust_4.jpg,863.5,249.5,disgust_4,disgust,4,emotions
p053,1,1,sad_4.jpg,426,439,sad_4,sad,4,emotions
p053,1,1,disgust_3.jpg,540.5,445,disgust_3,disgust,3,emotions
p053,1,1,fearful_3.jpg,448,339,fearful_3,fearful,3,emotions
p053,1,1,sad_3.jpg,994,247,sad_3,sad,3,emotions
p053,1,1,angry_3.jpg,774,219.5,angry_3,angry,3,emotions
p053,1,1,happy_3.jpg,579.5,345,happy_3,happy,3,emotions
p053,1,1,fearful_4.jpg,718,561.5,fearful_4,fearful,4,emotions
p053,1,1,angry_4.jpg,868.5,555.5,angry_4,angry,4,emotions
p053,1,1,happy_4.jpg,583,247,happy_4,happy,4,emotions
p053,1,1,surprise_3.jpg,603.5,534.5,surprise_3,surprise,3,emotions
p053,1,1,surprise_4.jpg,316.5,173,surprise_4,surprise,4,emotions
p053,1,2,angry_2.jpg,773,178.5,angry_2,angry,2,emotions
p053,1,2,fearful_2.jpg,450.5,328,fearful_2,fearful,2,emotions
p053,1,2,disgust_1.jpg,1086,397,disgust_1,disgust,1,emotions
p053,1,2,surprise_2.jpg,973,382,surprise_2,surprise,2,emotions
p053,1,2,sad_1.jpg,349.5,336,sad_1,sad,1,emotions
p053,1,2,fearful_1.jpg,908,374.5,fearful_1,fearful,1,emotions
p053,1,2,happy_2.jpg,1097.5,583,happy_2,happy,2,emotions
p053,1,2,sad_2.jpg,425,238,sad_2,sad,2,emotions
p053,1,2,disgust_2.jpg,613,507.5,disgust_2,disgust,2,emotions
p053,1,2,surprise_1.jpg,426,518,surprise_1,surprise,1,emotions
p053,1,2,angry_1.jpg,675,190.5,angry_1,angry,1,emotions
p053,1,2,happy_1.jpg,963.5,593,happy_1,happy,1,emotions
p053,2,3,horse_2.jpg,975,171,horse_2,horse,2,animals
p053,2,3,fish_2.jpg,633,423,fish_2,fish,2,animals
p053,2,3,peacock_2.jpg,365.5,150,peacock_2,peacock,2,animals
p053,2,3,pigeon_2.jpg,483,142,pigeon_2,pigeon,2,animals
p053,2,3,butterfly_2.jpg,594.5,159.5,butterfly_2,butterfly,2,animals
p053,2,3,ladybug_2.jpg,719,152.5,ladybug_2,ladybug,2,animals
p053,2,3,sheep_2.jpg,1119.5,179.5,sheep_2,sheep,2,animals
p053,2,3,wolf_2.jpg,1102.5,276,wolf_2,wolf,2,animals
p053,2,3,squirrel_2.jpg,1045.5,567.5,squirrel_2,squirrel,2,animals
p053,2,3,fox_2.jpg,975.5,260,fox_2,fox,2,animals
p053,2,3,dolphin_2.jpg,515,433.5,dolphin_2,dolphin,2,animals
p053,2,3,lion_2.jpg,928,560.5,lion_2,lion,2,animals
p053,2,4,peacock_1.jpg,1030.5,204.5,peacock_1,peacock,1,animals
p053,2,4,ladybug_1.jpg,962,195,ladybug_1,ladybug,1,animals
p053,2,4,lion_1.jpg,951.5,552,lion_1,lion,1,animals
p053,2,4,sheep_1.jpg,849.5,529.5,sheep_1,sheep,1,animals
p053,2,4,fish_1.jpg,457.5,329.5,fish_1,fish,1,animals
p053,2,4,pigeon_1.jpg,1105,238,pigeon_1,pigeon,1,animals
p053,2,4,butterfly_1.jpg,997,148,butterfly_1,butterfly,1,animals
p053,2,4,fox_1.jpg,1081,546.5,fox_1,fox,1,animals
p053,2,4,squirrel_1.jpg,343.5,503,squirrel_1,squirrel,1,animals
p053,2,4,dolphin_1.jpg,390,316,dolphin_1,dolphin,1,animals
p053,2,4,horse_1.jpg,763.5,534,horse_1,horse,1,animals
p053,2,4,wolf_1.jpg,666.5,530.5,wolf_1,wolf,1,animals
p053,3,5,flower_2.jpg,872,233,flower_2,flower,2,plants
p053,3,5,tree_2.jpg,977,241.5,tree_2,tree,2,plants
p053,3,5,acorn_2.jpg,563,510.5,acorn_2,acorn,2,plants
p053,3,5,cabbage_2.jpg,472.5,271,cabbage_2,cabbage,2,plants
p053,3,5,broccoli_2.jpg,554.5,206,broccoli_2,broccoli,2,plants
p053,3,5,cherry_2.jpg,301.5,506.5,cherry_2,cherry,2,plants
p053,3,5,leaf_2.jpg,1047.5,251.5,leaf_2,leaf,2,plants
p053,3,5,cactus_2.jpg,803,211.5,cactus_2,cactus,2,plants
p053,3,5,apple_2.jpg,272.5,507,apple_2,apple,2,plants
p053,3,5,blueberry_2.jpg,244.5,515,blueberry_2,blueberry,2,plants
p053,3,5,grass_2.jpg,1133.5,257.5,grass_2,grass,2,plants
p053,3,5,peanut_2.jpg,649.5,516.5,peanut_2,peanut,2,plants
p053,3,6,blueberry_1.jpg,761,295.5,blueberry_1,blueberry,1,plants
p053,3,6,cactus_1.jpg,422,578,cactus_1,cactus,1,plants
p053,3,6,broccoli_1.jpg,960,575.5,broccoli_1,broccoli,1,plants
p053,3,6,cherry_1.jpg,838,300.5,cherry_1,cherry,1,plants
p053,3,6,apple_1.jpg,915,316.5,apple_1,apple,1,plants
p053,3,6,grass_1.jpg,528,569,grass_1,grass,1,plants
p053,3,6,leaf_1.jpg,356.5,554.5,leaf_1,leaf,1,plants
p053,3,6,cabbage_1.jpg,1003,621,cabbage_1,cabbage,1,plants
p053,3,6,acorn_1.jpg,382.5,288,acorn_1,acorn,1,plants
p053,3,6,peanut_1.jpg,442.5,269,peanut_1,peanut,1,plants
p053,3,6,tree_1.jpg,298.5,592,tree_1,tree,1,plants
p053,3,6,flower_1.jpg,277.5,546,flower_1,flower,1,plants
p055,1,1,tree_2.jpg,306.5,180.5,tree_2,tree,2,plants
p055,1,1,cabbage_2.jpg,815,178,cabbage_2,cabbage,2,plants
p055,1,1,cactus_2.jpg,286.5,362,cactus_2,cactus,2,plants
p055,1,1,blueberry_2.jpg,1037.5,461.5,blueberry_2,blueberry,2,plants
p055,1,1,leaf_2.jpg,334,152,leaf_2,leaf,2,plants
p055,1,1,broccoli_2.jpg,784.5,162.5,broccoli_2,broccoli,2,plants
p055,1,1,acorn_2.jpg,315.5,568.5,acorn_2,acorn,2,plants
p055,1,1,flower_2.jpg,316,356.5,flower_2,flower,2,plants
p055,1,1,apple_2.jpg,1048,489.5,apple_2,apple,2,plants
p055,1,1,grass_2.jpg,368.5,172,grass_2,grass,2,plants
p055,1,1,cherry_2.jpg,1035.5,474,cherry_2,cherry,2,plants
p055,1,1,peanut_2.jpg,312.5,534.5,peanut_2,peanut,2,plants
p055,1,2,peanut_1.jpg,479,275.5,peanut_1,peanut,1,plants
p055,1,2,tree_1.jpg,892.5,349.5,tree_1,tree,1,plants
p055,1,2,cactus_1.jpg,875.5,302.5,cactus_1,cactus,1,plants
p055,1,2,cherry_1.jpg,414.5,575,cherry_1,cherry,1,plants
p055,1,2,broccoli_1.jpg,897.5,602,broccoli_1,broccoli,1,plants
p055,1,2,blueberry_1.jpg,394,542,blueberry_1,blueberry,1,plants
p055,1,2,flower_1.jpg,989.5,322,flower_1,flower,1,plants
p055,1,2,leaf_1.jpg,988.5,326,leaf_1,leaf,1,plants
p055,1,2,acorn_1.jpg,450,306.5,acorn_1,acorn,1,plants
p055,1,2,apple_1.jpg,326.5,578,apple_1,apple,1,plants
p055,1,2,grass_1.jpg,912,351,grass_1,grass,1,plants
p055,1,2,cabbage_1.jpg,879.5,551.5,cabbage_1,cabbage,1,plants
p055,2,3,pigeon_2.jpg,275,173.5,pigeon_2,pigeon,2,animals
p055,2,3,wolf_2.jpg,266,621.5,wolf_2,wolf,2,animals
p055,2,3,butterfly_2.jpg,635.5,645,butterfly_2,butterfly,2,animals
p055,2,3,fish_2.jpg,1017.5,602,fish_2,fish,2,animals
p055,2,3,peacock_2.jpg,247,226.5,peacock_2,peacock,2,animals
p055,2,3,fox_2.jpg,268,641.5,fox_2,fox,2,animals
p055,2,3,sheep_2.jpg,1013,337.5,sheep_2,sheep,2,animals
p055,2,3,lion_2.jpg,256,577.5,lion_2,lion,2,animals
p055,2,3,dolphin_2.jpg,926,575.5,dolphin_2,dolphin,2,animals
p055,2,3,squirrel_2.jpg,931.5,280.5,squirrel_2,squirrel,2,animals
p055,2,3,ladybug_2.jpg,625,615.5,ladybug_2,ladybug,2,animals
p055,2,3,horse_2.jpg,909.5,327.5,horse_2,horse,2,animals
p055,2,4,ladybug_1.jpg,269.5,237,ladybug_1,ladybug,1,animals
p055,2,4,lion_1.jpg,329,553,lion_1,lion,1,animals
p055,2,4,sheep_1.jpg,720.5,265.5,sheep_1,sheep,1,animals
p055,2,4,peacock_1.jpg,743.5,564,peacock_1,peacock,1,animals
p055,2,4,butterfly_1.jpg,299.5,243.5,butterfly_1,butterfly,1,animals
p055,2,4,fox_1.jpg,357.5,566.5,fox_1,fox,1,animals
p055,2,4,squirrel_1.jpg,727.5,315.5,squirrel_1,squirrel,1,animals
p055,2,4,fish_1.jpg,882,466,fish_1,fish,1,animals
p055,2,4,wolf_1.jpg,268.5,580.5,wolf_1,wolf,1,animals
p055,2,4,horse_1.jpg,723,281.5,horse_1,horse,1,animals
p055,2,4,pigeon_1.jpg,698.5,566.5,pigeon_1,pigeon,1,animals
p055,2,4,dolphin_1.jpg,976,462.5,dolphin_1,dolphin,1,animals
p055,3,5,fearful_3.jpg,301,212,fearful_3,fearful,3,emotions
p055,3,5,surprise_4.jpg,348.5,612.5,surprise_4,surprise,4,emotions
p055,3,5,disgust_3.jpg,353.5,204,disgust_3,disgust,3,emotions
p055,3,5,angry_4.jpg,676.5,252.5,angry_4,angry,4,emotions
p055,3,5,happy_4.jpg,1011.5,566,happy_4,happy,4,emotions
p055,3,5,fearful_4.jpg,283.5,199.5,fearful_4,fearful,4,emotions
p055,3,5,angry_3.jpg,707,231.5,angry_3,angry,3,emotions
p055,3,5,sad_3.jpg,609.5,616,sad_3,sad,3,emotions
p055,3,5,happy_3.jpg,974.5,607.5,happy_3,happy,3,emotions
p055,3,5,surprise_3.jpg,331.5,587.5,surprise_3,surprise,3,emotions
p055,3,5,disgust_4.jpg,612.5,596.5,disgust_4,disgust,4,emotions
p055,3,5,sad_4.jpg,610.5,573.5,sad_4,sad,4,emotions
p055,3,6,happy_1.jpg,255,237,happy_1,happy,1,emotions
p055,3,6,happy_2.jpg,270.5,257,happy_2,happy,2,emotions
p055,3,6,angry_2.jpg,215,574.5,angry_2,angry,2,emotions
p055,3,6,sad_1.jpg,605,482.5,sad_1,sad,1,emotions
p055,3,6,sad_2.jpg,687,490,sad_2,sad,2,emotions
p055,3,6,surprise_2.jpg,487,633.5,surprise_2,surprise,2,emotions
p055,3,6,disgust_1.jpg,696,482,disgust_1,disgust,1,emotions
p055,3,6,disgust_2.jpg,657,464,disgust_2,disgust,2,emotions
p055,3,6,angry_1.jpg,218.5,582.5,angry_1,angry,1,emotions
p055,3,6,fearful_2.jpg,600,466,fearful_2,fearful,2,emotions
p055,3,6,surprise_1.jpg,473,619,surprise_1,surprise,1,emotions
p055,3,6,fearful_1.jpg,602,431.5,fearful_1,fearful,1,emotions
